tipo,nome,id_cnpj,id_localidade,id
CERTIFICADORA,ECOCERT BRASIL CERTIFICADORA,1,1,1
CERTIFICADORA,ECOCERT BRASIL CERTIFICADORA,2,2,2
CERTIFICADORA,ECOCERT BRASIL CERTIFICADORA,3,3,3
CERTIFICADORA,ECOCERT BRASIL CERTIFICADORA,4,4,4
CERTIFICADORA,ECOCERT BRASIL CERTIFICADORA,5,5,5
CERTIFICADORA,ECOCERT BRASIL CERTIFICADORA,6,6,6
CERTIFICADORA,ECOCERT BRASIL CERTIFICADORA,7,7,7
CERTIFICADORA,ECOCERT BRASIL CERTIFICADORA,8,8,8
CERTIFICADORA,ECOCERT BRASIL CERTIFICADORA,9,9,9
CERTIFICADORA,ECOCERT BRASIL CERTIFICADORA,10,10,10
CERTIFICADORA,ECOCERT BRASIL CERTIFICADORA,11,11,11
CERTIFICADORA,ECOCERT BRASIL CERTIFICADORA,12,12,12
CERTIFICADORA,ECOCERT BRASIL CERTIFICADORA,13,13,13
CERTIFICADORA,ECOCERT BRASIL CERTIFICADORA,14,14,14
CERTIFICADORA,ECOCERT BRASIL CERTIFICADORA,15,15,15
CERTIFICADORA,ECOCERT BRASIL CERTIFICADORA,16,16,16
CERTIFICADORA,ECOCERT BRASIL CERTIFICADORA,17,17,17
CERTIFICADORA,ECOCERT BRASIL CERTIFICADORA,18,18,18
CERTIFICADORA,ECOCERT BRASIL CERTIFICADORA,19,19,19
CERTIFICADORA,ECOCERT BRASIL CERTIFICADORA,20,20,20
CERTIFICADORA,ECOCERT BRASIL CERTIFICADORA,21,21,21
CERTIFICADORA,ECOCERT BRASIL CERTIFICADORA,22,22,22
CERTIFICADORA,ECOCERT BRASIL CERTIFICADORA,23,23,23
CERTIFICADORA,ECOCERT BRASIL CERTIFICADORA,24,24,24
CERTIFICADORA,ECOCERT BRASIL CERTIFICADORA,25,25,25
CERTIFICADORA,ECOCERT BRASIL CERTIFICADORA,26,26,26
CERTIFICADORA,ECOCERT BRASIL CERTIFICADORA,27,27,27
CERTIFICADORA,ECOCERT BRASIL CERTIFICADORA,28,28,28
CERTIFICADORA,ECOCERT BRASIL CERTIFICADORA,29,29,29
CERTIFICADORA,ECOCERT BRASIL CERTIFICADORA,30,30,30
CERTIFICADORA,ECOCERT BRASIL CERTIFICADORA,31,31,31
CERTIFICADORA,ECOCERT BRASIL CERTIFICADORA,32,32,32
CERTIFICADORA,ECOCERT BRASIL CERTIFICADORA,33,33,33
CERTIFICADORA,ECOCERT BRASIL CERTIFICADORA,34,34,34
CERTIFICADORA,ECOCERT BRASIL CERTIFICADORA,35,35,35
CERTIFICADORA,ECOCERT BRASIL CERTIFICADORA,36,36,36
CERTIFICADORA,ECOCERT BRASIL CERTIFICADORA,37,37,37
CERTIFICADORA,ECOCERT BRASIL CERTIFICADORA,38,38,38
CERTIFICADORA,ECOCERT BRASIL CERTIFICADORA,39,39,39
CERTIFICADORA,ECOCERT BRASIL CERTIFICADORA,40,40,40
CERTIFICADORA,ECOCERT BRASIL CERTIFICADORA,41,41,41
CERTIFICADORA,ECOCERT BRASIL CERTIFICADORA,42,42,42
CERTIFICADORA,ECOCERT BRASIL CERTIFICADORA,43,43,43
CERTIFICADORA,ECOCERT BRASIL CERTIFICADORA,44,44,44
CERTIFICADORA,ECOCERT BRASIL CERTIFICADORA,45,45,45
CERTIFICADORA,ECOCERT BRASIL CERTIFICADORA,46,46,46
CERTIFICADORA,ECOCERT BRASIL CERTIFICADORA,47,47,47
CERTIFICADORA,ECOCERT BRASIL CERTIFICADORA,48,48,48
CERTIFICADORA,ECOCERT BRASIL CERTIFICADORA,49,49,49
CERTIFICADORA,ECOCERT BRASIL CERTIFICADORA,50,50,50
CERTIFICADORA,ECOCERT BRASIL CERTIFICADORA,51,51,51
CERTIFICADORA,ECOCERT BRASIL CERTIFICADORA,52,52,52
CERTIFICADORA,ECOCERT BRASIL CERTIFICADORA,53,53,53
CERTIFICADORA,ECOCERT BRASIL CERTIFICADORA,54,54,54
CERTIFICADORA,ECOCERT BRASIL CERTIFICADORA,55,55,55
CERTIFICADORA,ECOCERT BRASIL CERTIFICADORA,56,56,56
CERTIFICADORA,ECOCERT BRASIL CERTIFICADORA,57,57,57
CERTIFICADORA,ECOCERT BRASIL CERTIFICADORA,58,58,58
CERTIFICADORA,ECOCERT BRASIL CERTIFICADORA,59,59,59
CERTIFICADORA,ECOCERT BRASIL CERTIFICADORA,60,60,60
CERTIFICADORA,ECOCERT BRASIL CERTIFICADORA,61,61,61
CERTIFICADORA,ECOCERT BRASIL CERTIFICADORA,62,62,62
CERTIFICADORA,ECOCERT BRASIL CERTIFICADORA,63,63,63
CERTIFICADORA,ECOCERT BRASIL CERTIFICADORA,64,64,64
CERTIFICADORA,ECOCERT BRASIL CERTIFICADORA,65,65,65
CERTIFICADORA,ECOCERT BRASIL CERTIFICADORA,66,66,66
CERTIFICADORA,ECOCERT BRASIL CERTIFICADORA,67,67,67
CERTIFICADORA,ECOCERT BRASIL CERTIFICADORA,68,68,68
CERTIFICADORA,ECOCERT BRASIL CERTIFICADORA,69,69,69
CERTIFICADORA,ECOCERT BRASIL CERTIFICADORA,70,70,70
CERTIFICADORA,ECOCERT BRASIL CERTIFICADORA,71,71,71
CERTIFICADORA,ECOCERT BRASIL CERTIFICADORA,72,72,72
CERTIFICADORA,ECOCERT BRASIL CERTIFICADORA,73,73,73
CERTIFICADORA,ECOCERT BRASIL CERTIFICADORA,74,74,74
CERTIFICADORA,ECOCERT BRASIL CERTIFICADORA,75,75,75
CERTIFICADORA,ECOCERT BRASIL CERTIFICADORA,76,76,76
CERTIFICADORA,ECOCERT BRASIL CERTIFICADORA,77,77,77
CERTIFICADORA,ECOCERT BRASIL CERTIFICADORA,78,78,78
CERTIFICADORA,ECOCERT BRASIL CERTIFICADORA,79,79,79
CERTIFICADORA,ECOCERT BRASIL CERTIFICADORA,80,80,80
CERTIFICADORA,ECOCERT BRASIL CERTIFICADORA,81,81,81
CERTIFICADORA,ECOCERT BRASIL CERTIFICADORA,82,82,82
CERTIFICADORA,ECOCERT BRASIL CERTIFICADORA,83,83,83
CERTIFICADORA,ECOCERT BRASIL CERTIFICADORA,84,84,84
CERTIFICADORA,ECOCERT BRASIL CERTIFICADORA,85,85,85
CERTIFICADORA,ECOCERT BRASIL CERTIFICADORA,86,86,86
CERTIFICADORA,ECOCERT BRASIL CERTIFICADORA,87,87,87
CERTIFICADORA,ECOCERT BRASIL CERTIFICADORA,88,88,88
CERTIFICADORA,ECOCERT BRASIL CERTIFICADORA,89,89,89
CERTIFICADORA,ECOCERT BRASIL CERTIFICADORA,90,90,90
CERTIFICADORA,ECOCERT BRASIL CERTIFICADORA,91,91,91
CERTIFICADORA,ECOCERT BRASIL CERTIFICADORA,92,92,92
CERTIFICADORA,ECOCERT BRASIL CERTIFICADORA,93,93,93
CERTIFICADORA,ECOCERT BRASIL CERTIFICADORA,94,94,94
CERTIFICADORA,ECOCERT BRASIL CERTIFICADORA,95,95,95
CERTIFICADORA,ECOCERT BRASIL CERTIFICADORA,96,96,96
CERTIFICADORA,ECOCERT BRASIL CERTIFICADORA,97,97,97
CERTIFICADORA,ECOCERT BRASIL CERTIFICADORA,98,98,98
CERTIFICADORA,ECOCERT BRASIL CERTIFICADORA,99,99,99
CERTIFICADORA,ECOCERT BRASIL CERTIFICADORA,100,100,100
CERTIFICADORA,ECOCERT BRASIL CERTIFICADORA,101,101,101
CERTIFICADORA,ECOCERT BRASIL CERTIFICADORA,102,102,102
CERTIFICADORA,ECOCERT BRASIL CERTIFICADORA,103,103,103
CERTIFICADORA,ECOCERT BRASIL CERTIFICADORA,104,104,104
CERTIFICADORA,ECOCERT BRASIL CERTIFICADORA,105,105,105
CERTIFICADORA,ECOCERT BRASIL CERTIFICADORA,106,106,106
CERTIFICADORA,ECOCERT BRASIL CERTIFICADORA,107,107,107
CERTIFICADORA,ECOCERT BRASIL CERTIFICADORA,108,108,108
CERTIFICADORA,ECOCERT BRASIL CERTIFICADORA,109,109,109
CERTIFICADORA,ECOCERT BRASIL CERTIFICADORA,110,110,110
CERTIFICADORA,ECOCERT BRASIL CERTIFICADORA,111,111,111
CERTIFICADORA,ECOCERT BRASIL CERTIFICADORA,112,112,112
CERTIFICADORA,ECOCERT BRASIL CERTIFICADORA,113,113,113
CERTIFICADORA,ECOCERT BRASIL CERTIFICADORA,114,114,114
CERTIFICADORA,ECOCERT BRASIL CERTIFICADORA,115,115,115
CERTIFICADORA,ECOCERT BRASIL CERTIFICADORA,116,116,116
CERTIFICADORA,ECOCERT BRASIL CERTIFICADORA,117,117,117
CERTIFICADORA,ECOCERT BRASIL CERTIFICADORA,118,118,118
CERTIFICADORA,ECOCERT BRASIL CERTIFICADORA,119,119,119
CERTIFICADORA,ECOCERT BRASIL CERTIFICADORA,120,120,120
CERTIFICADORA,ECOCERT BRASIL CERTIFICADORA,121,121,121
CERTIFICADORA,ECOCERT BRASIL CERTIFICADORA,122,122,122
CERTIFICADORA,ECOCERT BRASIL CERTIFICADORA,123,123,123
CERTIFICADORA,ECOCERT BRASIL CERTIFICADORA,124,124,124
CERTIFICADORA,ECOCERT BRASIL CERTIFICADORA,125,125,125
CERTIFICADORA,ECOCERT BRASIL CERTIFICADORA,126,126,126
CERTIFICADORA,ECOCERT BRASIL CERTIFICADORA,127,127,127
CERTIFICADORA,ECOCERT BRASIL CERTIFICADORA,128,128,128
CERTIFICADORA,ECOCERT BRASIL CERTIFICADORA,129,129,129
CERTIFICADORA,ECOCERT BRASIL CERTIFICADORA,130,130,130
CERTIFICADORA,ECOCERT BRASIL CERTIFICADORA,131,131,131
CERTIFICADORA,ECOCERT BRASIL CERTIFICADORA,132,132,132
CERTIFICADORA,ECOCERT BRASIL CERTIFICADORA,133,133,133
CERTIFICADORA,ECOCERT BRASIL CERTIFICADORA,134,134,134
CERTIFICADORA,ECOCERT BRASIL CERTIFICADORA,135,135,135
CERTIFICADORA,ECOCERT BRASIL CERTIFICADORA,136,136,136
CERTIFICADORA,ECOCERT BRASIL CERTIFICADORA,137,137,137
CERTIFICADORA,ECOCERT BRASIL CERTIFICADORA,138,138,138
CERTIFICADORA,ECOCERT BRASIL CERTIFICADORA,139,139,139
CERTIFICADORA,ECOCERT BRASIL CERTIFICADORA,140,140,140
CERTIFICADORA,ECOCERT BRASIL CERTIFICADORA,141,141,141
CERTIFICADORA,ECOCERT BRASIL CERTIFICADORA,142,142,142
CERTIFICADORA,ECOCERT BRASIL CERTIFICADORA,143,143,143
CERTIFICADORA,ECOCERT BRASIL CERTIFICADORA,144,144,144
CERTIFICADORA,ECOCERT BRASIL CERTIFICADORA,145,145,145
CERTIFICADORA,ECOCERT BRASIL CERTIFICADORA,146,146,146
CERTIFICADORA,ECOCERT BRASIL CERTIFICADORA,147,147,147
CERTIFICADORA,ECOCERT BRASIL CERTIFICADORA,148,148,148
CERTIFICADORA,ECOCERT BRASIL CERTIFICADORA,149,149,149
CERTIFICADORA,ECOCERT BRASIL CERTIFICADORA,150,150,150
CERTIFICADORA,ECOCERT BRASIL CERTIFICADORA,151,151,151
CERTIFICADORA,ECOCERT BRASIL CERTIFICADORA,152,152,152
CERTIFICADORA,ECOCERT BRASIL CERTIFICADORA,153,153,153
CERTIFICADORA,ECOCERT BRASIL CERTIFICADORA,154,154,154
CERTIFICADORA,ECOCERT BRASIL CERTIFICADORA,155,155,155
CERTIFICADORA,ECOCERT BRASIL CERTIFICADORA,156,156,156
CERTIFICADORA,ECOCERT BRASIL CERTIFICADORA,157,157,157
CERTIFICADORA,ECOCERT BRASIL CERTIFICADORA,158,158,158
CERTIFICADORA,ECOCERT BRASIL CERTIFICADORA,159,159,159
CERTIFICADORA,ECOCERT BRASIL CERTIFICADORA,160,160,160
CERTIFICADORA,ECOCERT BRASIL CERTIFICADORA,161,161,161
CERTIFICADORA,ECOCERT BRASIL CERTIFICADORA,162,162,162
CERTIFICADORA,ECOCERT BRASIL CERTIFICADORA,163,163,163
CERTIFICADORA,ECOCERT BRASIL CERTIFICADORA,164,164,164
CERTIFICADORA,ECOCERT BRASIL CERTIFICADORA,165,165,165
CERTIFICADORA,ECOCERT BRASIL CERTIFICADORA,166,166,166
CERTIFICADORA,ECOCERT BRASIL CERTIFICADORA,167,167,167
CERTIFICADORA,ECOCERT BRASIL CERTIFICADORA,168,168,168
CERTIFICADORA,ECOCERT BRASIL CERTIFICADORA,169,169,169
CERTIFICADORA,ECOCERT BRASIL CERTIFICADORA,170,170,170
CERTIFICADORA,ECOCERT BRASIL CERTIFICADORA,171,171,171
CERTIFICADORA,ECOCERT BRASIL CERTIFICADORA,172,172,172
CERTIFICADORA,ECOCERT BRASIL CERTIFICADORA,173,173,173
CERTIFICADORA,ECOCERT BRASIL CERTIFICADORA,174,174,174
CERTIFICADORA,ECOCERT BRASIL CERTIFICADORA,175,175,175
CERTIFICADORA,ECOCERT BRASIL CERTIFICADORA,176,176,176
CERTIFICADORA,IBD CERTIFICAÇÕES LTDA,177,177,177
CERTIFICADORA,IBD CERTIFICAÇÕES LTDA,178,178,178
CERTIFICADORA,IBD CERTIFICAÇÕES LTDA,179,179,179
CERTIFICADORA,IBD CERTIFICAÇÕES LTDA,180,180,180
OPAC,Associação Ecovida de Certificação Participativa,181,181,181
CERTIFICADORA,IBD CERTIFICAÇÕES LTDA,182,182,182
CERTIFICADORA,IBD CERTIFICAÇÕES LTDA,183,183,183
CERTIFICADORA,IBD CERTIFICAÇÕES LTDA,184,184,184
OCS,ORGÂNICO DO POTENGI,185,185,185
CERTIFICADORA,IBD CERTIFICAÇÕES LTDA,186,186,186
OPAC,Rede Borborema de Agroecologia,187,187,187
CERTIFICADORA,IBD CERTIFICAÇÕES LTDA,188,188,188
CERTIFICADORA,IBD CERTIFICAÇÕES LTDA,189,189,189
CERTIFICADORA,IBD CERTIFICAÇÕES LTDA,190,190,190
CERTIFICADORA,AGRICONTROL S/A,191,191,191
OPAC,ACEPI,192,192,192
CERTIFICADORA,ECOCERT BRASIL CERTIFICADORA,193,193,193
OPAC,ORGÂNICOS SUL DE MINAS,194,194,194
CERTIFICADORA,ECOCERT BRASIL CERTIFICADORA,195,195,195
CERTIFICADORA,ECOCERT BRASIL CERTIFICADORA,196,196,196
OCS,GRUPO DE HORTICULTORES DA HORTA COMUNITÁRIA DO CONJUNTO NOVA VIDA,197,197,197
CERTIFICADORA,ECOCERT BRASIL CERTIFICADORA,198,198,198
CERTIFICADORA,IBD CERTIFICAÇÕES LTDA,199,199,199
OCS,GRUPO DE PRODUTORES ORGÂNICOS DE RIO GRANDE/RS-GPORG,200,200,200
CERTIFICADORA,IBD CERTIFICAÇÕES LTDA,201,201,201
CERTIFICADORA,IBD CERTIFICAÇÕES LTDA,202,202,202
CERTIFICADORA,IBD CERTIFICAÇÕES LTDA,203,203,203
CERTIFICADORA,IBD CERTIFICAÇÕES LTDA,204,204,204
OCS,ASSOCIAÇÃO DOS PRODUTORES ORGÂNICOS DO ESTADO DO PARÁ-PARÁ ORGÂNICO,205,205,205
CERTIFICADORA,IBD CERTIFICAÇÕES LTDA,206,206,206
CERTIFICADORA,IBD CERTIFICAÇÕES LTDA,207,207,207
CERTIFICADORA,IBD CERTIFICAÇÕES LTDA,208,208,208
CERTIFICADORA,ECOCERT BRASIL CERTIFICADORA,209,209,209
CERTIFICADORA,ECOCERT BRASIL CERTIFICADORA,210,210,210
OCS,ASSOCIAÇÃO DOS PRODUTORES RURAIS DE CARAUARI-ASPROC,211,211,211
CERTIFICADORA,IBD CERTIFICAÇÕES LTDA,212,212,212
CERTIFICADORA,IBD CERTIFICAÇÕES LTDA,213,213,213
OPAC,Associação Ecovida de Certificação Participativa,214,214,214
CERTIFICADORA,IBD CERTIFICAÇÕES LTDA,215,215,215
OCS,ASSOCIAÇÃO DOS PRODUTORES ORGÂNICOS DE MESSIAS TARGINO-APOMT,216,216,216
OCS,ASSOCIAÇÃO DE PRODUTORES E PRODUTORAS DA FEIRA AGROECOLÓGICA DE MOSSORÓ - APROFAM,217,217,217
CERTIFICADORA,ECOCERT BRASIL CERTIFICADORA,218,218,218
OPAC,Associação Ecovida de Certificação Participativa,219,219,219
OCS,ASSOCIAÇÃO DOS PRODUTORES ORGÂNICOS DE MESSIAS TARGINO-APOMT,220,220,220
Certificadora,Kiwa BCS Brasil,221,221,221
CERTIFICADORA,IBD CERTIFICAÇÕES LTDA,222,222,222
CERTIFICADORA,IBD CERTIFICAÇÕES LTDA,223,223,223
CERTIFICADORA,IBD CERTIFICAÇÕES LTDA,224,224,224
OPAC,ASSOCIACAO BROTA CERRADO DA SERRA DA CANASTRA DE CERTIFICACAO PARTICIPATIVA,225,225,225
CERTIFICADORA,IBD CERTIFICAÇÕES LTDA,226,226,226
CERTIFICADORA,IBD CERTIFICAÇÕES LTDA,227,227,227
CERTIFICADORA,IBD CERTIFICAÇÕES LTDA,228,228,228
CERTIFICADORA,IBD CERTIFICAÇÕES LTDA,229,229,229
OPAC,ASSOCIAÇÃO DE AGRICULTORES BIOLÓGICOS DO ESTADO DO RIO DE JANEIRO,230,230,230
OPAC,Associação Ecovida de Certificação Participativa,231,231,231
OPAC,Associação Ecovida de Certificação Participativa,232,232,232
CERTIFICADORA,IBD CERTIFICAÇÕES LTDA,233,233,233
Certificadora,Kiwa BCS Brasil,234,234,234
Certificadora,Kiwa BCS Brasil,235,235,235
CERTIFICADORA,IBD CERTIFICAÇÕES LTDA,236,236,236
OCS,OCS Raízes da Mata,237,237,237
CERTIFICADORA,IBD CERTIFICAÇÕES LTDA,238,238,238
CERTIFICADORA,IBD CERTIFICAÇÕES LTDA,239,239,239
OPAC,Associação Ecovida de Certificação Participativa,240,240,240
CERTIFICADORA,IBD CERTIFICAÇÕES LTDA,241,241,241
OCS,OCS. DOS AGRICULTORES FAMILIARES DE MONTE ALEGRE DE SERGIPE II,242,242,242
OCS,COOPERATIVA DAS ASSOCIAÇÕES DOS AGRICULTORES E PECUARISTA FAMILIARES DE MIRANDIBA - COOAFAM,243,243,243
OPAC,Associação Ecovida de Certificação Participativa,244,244,244
CERTIFICADORA,IBD CERTIFICAÇÕES LTDA,245,245,245
CERTIFICADORA,ECOCERT BRASIL CERTIFICADORA,246,246,246
OPAC,Associação Ecovida de Certificação Participativa,247,247,247
OCS,ORGANIZAÇÃO DE CONTROLE SOCIAL SÃO FRANCISCO,248,248,248
OPAC,Associação Ecovida de Certificação Participativa,249,249,249
CERTIFICADORA,ECOCERT BRASIL CERTIFICADORA,250,250,250
OCS,OCS ASSOCIAÇÃO DOS MANDALEIROS DE UBERLÂNDIA (AMU),251,251,251
CERTIFICADORA,IBD CERTIFICAÇÕES LTDA,252,252,252
CERTIFICADORA,IBD CERTIFICAÇÕES LTDA,253,253,253
OCS,NHUNGUARA ORGÂNICO,254,254,254
OCS,ASSOCIAÇÃO DE PRODUTORES E PRODUTORAS DA FEIRA AGROECOLÓGICA DE MOSSORÓ - APROFAM,255,255,255
CERTIFICADORA,ECOCERT BRASIL CERTIFICADORA,256,256,256
CERTIFICADORA,ECOCERT BRASIL CERTIFICADORA,257,257,257
OPAC,Associação Ecovida de Certificação Participativa,258,258,258
OPAC,CENTRO DE DESENVOLVIMENTO AGROECOLOGICO DO CERRADO-CEDAC,259,259,259
OPAC,CENTRO DE DESENVOLVIMENTO AGROECOLOGICO DO CERRADO-CEDAC,260,260,260
OCS,ASSOCIAÇÃO AGROECOLÓGICA SERTÃO DO PAJEÚ,261,261,261
OPAC,ASSOCIAÇÃO DE AGRICULTORES BIOLÓGICOS DO ESTADO DO RIO DE JANEIRO,262,262,262
OPAC,ASSOCIAÇÃO DE AGRICULTORES BIOLÓGICOS DO ESTADO DO RIO DE JANEIRO,263,263,263
OCS,ASSOCIAÇÃO DOA AGRICULTORES FAMILIARES AGROECOLÓGICOS DO ASSENTAMENTO CASTRO ALVES,264,264,264
CERTIFICADORA,ECOCERT BRASIL CERTIFICADORA,265,265,265
OPAC,Associação Ecovida de Certificação Participativa,266,266,266
CERTIFICADORA,IBD CERTIFICAÇÕES LTDA,267,267,267
CERTIFICADORA,IBD CERTIFICAÇÕES LTDA,268,268,268
CERTIFICADORA,IBD CERTIFICAÇÕES LTDA,269,269,269
CERTIFICADORA,INSTITUTO DE TECNOLOGIA DO PARANÁ - TECPAR,270,270,270
OCS,ARPA - ASSOCIAÇÃO REGIONAL DOS PRODUTORES AGROECOLÓGICOS,271,271,271
OPAC,Associação Ecovida de Certificação Participativa,272,272,272
CERTIFICADORA,ECOCERT BRASIL CERTIFICADORA,273,273,273
OPAC,ASSOCIAÇÃO DE AGRICULTORES E AGRICULTORAS AGROECOLOGICOS DO  ARARIPE - ECOARARIPE,274,274,274
CERTIFICADORA,INSTITUTO DE TECNOLOGIA DO PARANÁ - TECPAR,275,275,275
OCS,COMUNIDADE TERCEIRO PLANO,276,276,276
OCS,ASSOCIAÇÃO DOS MORADORES E PLANTADORES DE F. E HF. DA FAZ. BARROCA DE CIMA E ADJACÊNCIAS,277,277,277
OPAC,Associação Ecovida de Certificação Participativa,278,278,278
CERTIFICADORA,IMO CONTROL DO BRASIL LTDA,279,279,279
CERTIFICADORA,ECOCERT BRASIL CERTIFICADORA,280,280,280
OPAC,COCEARGS - COOPERATIVA CENTRAL DOS ASSENTAMENTOS DO RIO GRANDE DO SUL LTDA.,281,281,281
CERTIFICADORA,IMO CONTROL DO BRASIL LTDA,282,282,282
CERTIFICADORA,IBD CERTIFICAÇÕES LTDA,283,283,283
OPAC,CENTRO DE DESENVOLVIMENTO AGROECOLOGICO DO CERRADO-CEDAC,284,284,284
OPAC,Associação Ecovida de Certificação Participativa,285,285,285
CERTIFICADORA,ECOCERT BRASIL CERTIFICADORA,286,286,286
OPAC,COCEARGS - COOPERATIVA CENTRAL DOS ASSENTAMENTOS DO RIO GRANDE DO SUL LTDA.,287,287,287
OPAC,ASSOCIAÇÃO DE AGRICULTORES E AGRICULTORAS AGROECOLOGICOS DO  ARARIPE - ECOARARIPE,288,288,288
OCS,COCEARGS VIAMÃO ,289,289,289
OPAC,COCEARGS - COOPERATIVA CENTRAL DOS ASSENTAMENTOS DO RIO GRANDE DO SUL LTDA.,290,290,290
CERTIFICADORA,ECOCERT BRASIL CERTIFICADORA,291,291,291
CERTIFICADORA,Cugnier Certificadora,292,292,292
CERTIFICADORA,ECOCERT BRASIL CERTIFICADORA,293,293,293
OPAC,Associação Ecovida de Certificação Participativa,294,294,294
CERTIFICADORA,INSTITUTO CHÃO VIVO DE AVALIAÇÃO DA CONFORMIDADE,295,295,295
OCS,ASSOCIAÇÃO COMUNITÁRIA DE PRODUTORES RURAIS DE PALMEIDAS,296,296,296
CERTIFICADORA,ECOCERT BRASIL CERTIFICADORA,297,297,297
OCS,COOPERATIVA DAS ASSOCIAÇÕES DOS AGRICULTORES E PECUARISTA FAMILIARES DE MIRANDIBA - COOAFAM,298,298,298
CERTIFICADORA,ECOCERT BRASIL CERTIFICADORA,299,299,299
OPAC,ASSOCIACAO POVOS DA MATA ATLANTICA DO SUL DA BAHIA DE CERTIFICAÇÃO PARTICIPATIVA,300,300,300
CERTIFICADORA,ECOCERT BRASIL CERTIFICADORA,301,301,301
CERTIFICADORA,IBD CERTIFICAÇÕES LTDA,302,302,302
CERTIFICADORA,IBD CERTIFICAÇÕES LTDA,303,303,303
CERTIFICADORA,ECOCERT BRASIL CERTIFICADORA,304,304,304
OCS,ASSOCIAÇÃO DE DESENVOLVIMENTO RURAL SUSTENTÁVEL DA SERRA DA BAIXA VERDE,305,305,305
OCS,ASSOCIAÇÃO DOS AGRICULTORES/AS AGROECOLÓGICOS DE BOM JARDIM,306,306,306
CERTIFICADORA,ECOCERT BRASIL CERTIFICADORA,307,307,307
CERTIFICADORA,IBD CERTIFICAÇÕES LTDA,308,308,308
CERTIFICADORA,IBD CERTIFICAÇÕES LTDA,309,309,309
OPAC,Rede Borborema de Agroecologia,310,310,310
OPAC,Rede Borborema de Agroecologia,311,311,311
CERTIFICADORA,ECOCERT BRASIL CERTIFICADORA,312,312,312
OPAC,Associação Ecovida de Certificação Participativa,313,313,313
OCS,GRUPO OCS 15 DE AGOSTO,314,314,314
OPAC,Associação Ecovida de Certificação Participativa,315,315,315
OPAC,Associação Ecovida de Certificação Participativa,316,316,316
CERTIFICADORA,IMO CONTROL DO BRASIL LTDA,317,317,317
OPAC,Associação Ecovida de Certificação Participativa,318,318,318
OPAC,Associação Ecovida de Certificação Participativa,319,319,319
CERTIFICADORA,ECOCERT BRASIL CERTIFICADORA,320,320,320
CERTIFICADORA,IBD CERTIFICAÇÕES LTDA,321,321,321
CERTIFICADORA,IBD CERTIFICAÇÕES LTDA,322,322,322
CERTIFICADORA,ECOCERT BRASIL CERTIFICADORA,323,323,323
OCS,Associação de Moradores do Bairro São Sebastião,324,324,324
CERTIFICADORA,IBD CERTIFICAÇÕES LTDA,325,325,325
CERTIFICADORA,IBD CERTIFICAÇÕES LTDA,326,326,326
CERTIFICADORA,IBD CERTIFICAÇÕES LTDA,327,327,327
CERTIFICADORA,IBD CERTIFICAÇÕES LTDA,328,328,328
OCS,ORGÂNICOS CAMPO E CIDADE,329,329,329
OPAC,CENTRO DE DESENVOLVIMENTO AGROECOLOGICO DO CERRADO-CEDAC,330,330,330
CERTIFICADORA,IBD CERTIFICAÇÕES LTDA,331,331,331
CERTIFICADORA,ECOCERT BRASIL CERTIFICADORA,332,332,332
OPAC,OPAC CERRADO,333,333,333
CERTIFICADORA,ECOCERT BRASIL CERTIFICADORA,334,334,334
OPAC,Associação Ecovida de Certificação Participativa,335,335,335
CERTIFICADORA,IBD CERTIFICAÇÕES LTDA,336,336,336
CERTIFICADORA,IBD CERTIFICAÇÕES LTDA,337,337,337
CERTIFICADORA,IBD CERTIFICAÇÕES LTDA,338,338,338
CERTIFICADORA,IBD CERTIFICAÇÕES LTDA,339,339,339
CERTIFICADORA,INSTITUTO CHÃO VIVO DE AVALIAÇÃO DA CONFORMIDADE,340,340,340
CERTIFICADORA,ECOCERT BRASIL CERTIFICADORA,341,341,341
CERTIFICADORA,ECOCERT BRASIL CERTIFICADORA,342,342,342
OCS,ENCANTOS DA TERRA,343,343,343
OCS,OCS PLANALTINA,344,344,344
OPAC,OPAC CERRADO,345,345,345
OPAC,Associação Ecovida de Certificação Participativa,346,346,346
OPAC,Associação Ecovida de Certificação Participativa,347,347,347
OCS,COOPERATIVA DAS ASSOCIAÇÕES DOS AGRICULTORES E PECUARISTA FAMILIARES DE MIRANDIBA - COOAFAM,348,348,348
OCS,OCS Itajubá 1,349,349,349
OCS,ORGANIZAÇÃO CENTRAL DAS ASSOCIAÇÕES DE DESENVOLVIMENTO COMUNITÁRIO - OCADECTO,350,350,350
CERTIFICADORA,INSTITUTO CHÃO VIVO DE AVALIAÇÃO DA CONFORMIDADE,351,351,351
CERTIFICADORA,ECOCERT BRASIL CERTIFICADORA,352,352,352
OCS,ASSOCIAÇÃO DOS PRODUTORES RURAIS DE CARAUARI-ASPROC,353,353,353
CERTIFICADORA,IBD CERTIFICAÇÕES LTDA,354,354,354
CERTIFICADORA,IBD CERTIFICAÇÕES LTDA,355,355,355
OCS,OCS-00093/PB - ASSOCIAÇÃO DOS PRODUTORES FAMILIARES AGROECOLOGICOS DE SUMÉ (OCS),356,356,356
CERTIFICADORA,IBD CERTIFICAÇÕES LTDA,357,357,357
OCS,OCS PRODUÇÃO SAUDÁVEL,358,358,358
CERTIFICADORA,ECOCERT BRASIL CERTIFICADORA,359,359,359
OPAC,Associação Ecovida de Certificação Participativa,360,360,360
CERTIFICADORA,ECOCERT BRASIL CERTIFICADORA,361,361,361
OCS,BOFETE ORGÂNICO,362,362,362
CERTIFICADORA,ECOCERT BRASIL CERTIFICADORA,363,363,363
CERTIFICADORA,ECOCERT BRASIL CERTIFICADORA,364,364,364
CERTIFICADORA,ECOCERT BRASIL CERTIFICADORA,365,365,365
CERTIFICADORA,IBD CERTIFICAÇÕES LTDA,366,366,366
OCS,OCS-00143/PB - ASSOCIAÇÃO DOS ASSENTADOS DO ASSENTAMENTO DOS DEZ (OCS),367,367,367
CERTIFICADORA,ECOCERT BRASIL CERTIFICADORA,368,368,368
CERTIFICADORA,ECOCERT BRASIL CERTIFICADORA,369,369,369
CERTIFICADORA,IBD CERTIFICAÇÕES LTDA,370,370,370
OCS,ASSOCIAÇÃO DOS AGRICULTORES/AS AGROECOLÓGICOS DE BOM JARDIM,371,371,371
OCS,ARPA - ASSOCIAÇÃO REGIONAL DOS PRODUTORES AGROECOLÓGICOS,372,372,372
CERTIFICADORA,IBD CERTIFICAÇÕES LTDA,373,373,373
OCS,ORGÂNICA BUQUE DE FLORES,374,374,374
CERTIFICADORA,IBD CERTIFICAÇÕES LTDA,375,375,375
OCS,GRUPO NATUREZA VIVA,376,376,376
CERTIFICADORA,IBD CERTIFICAÇÕES LTDA,377,377,377
OPAC,ORGÂNICOS SUL DE MINAS,378,378,378
OPAC,ORGÂNICOS SUL DE MINAS,379,379,379
OPAC,Associação Ecovida de Certificação Participativa,380,380,380
OPAC,Associação Ecovida de Certificação Participativa,381,381,381
OPAC,Associação Ecovida de Certificação Participativa,382,382,382
OPAC,Associação Ecovida de Certificação Participativa,383,383,383
OCS,COOPERÁGUA - OCS VÓ ROSA,384,384,384
OPAC,Associação Ecovida de Certificação Participativa,385,385,385
OPAC,Associação Ecovida de Certificação Participativa,386,386,386
OPAC,Associação Ecovida de Certificação Participativa,387,387,387
OPAC,Associação Ecovida de Certificação Participativa,388,388,388
OCS,ASSOCIAÇÃO DOS PEQ. E MED. EMPREENDEDORES RURAIS DE PROD. ORGÂNICA E COMERC. DO MUNICIPIO MALHADOR,389,389,389
OPAC,ASSOCIAÇÃO BRASILEIRA DE AGRICULTURA BIODINÂMICA,390,390,390
OCS,ASSOCIAÇÃO DOS PEQUENOS PRODUTORES DE ITATI - APPI,391,391,391
CERTIFICADORA,ECOCERT BRASIL CERTIFICADORA,392,392,392
OPAC,Associação Ecovida de Certificação Participativa,393,393,393
CERTIFICADORA,IBD CERTIFICAÇÕES LTDA,394,394,394
OCS,COOPERAGREPA GUARANTÃ DO NORTE,395,395,395
OPAC,Associação Ecovida de Certificação Participativa,396,396,396
OPAC,ASSOCIAÇÃO DE AGRICULTURA NATURAL DE CAMPINAS E REGIÃO - ANC,397,397,397
CERTIFICADORA,ECOCERT BRASIL CERTIFICADORA,398,398,398
CERTIFICADORA,ECOCERT BRASIL CERTIFICADORA,399,399,399
OPAC,Associação Ecovida de Certificação Participativa,400,400,400
CERTIFICADORA,INSTITUTO DE TECNOLOGIA DO PARANÁ - TECPAR,401,401,401
CERTIFICADORA,INSTITUTO DE TECNOLOGIA DO PARANÁ - TECPAR,402,402,402
CERTIFICADORA,INSTITUTO CHÃO VIVO DE AVALIAÇÃO DA CONFORMIDADE,403,403,403
CERTIFICADORA,ECOCERT BRASIL CERTIFICADORA,404,404,404
OCS,FEIRA AGROECOLOGICA DE SERRA TALHADA - FAST,405,405,405
OPAC,Associação Ecovida de Certificação Participativa,406,406,406
OPAC,ASSOCIAÇÃO DE AGRICULTURA NATURAL DE CAMPINAS E REGIÃO - ANC,407,407,407
OPAC,Associação Ecovida de Certificação Participativa,408,408,408
OCS,Associação de Agricultores de Produtos Orgânicos- APO,409,409,409
CERTIFICADORA,INSTITUTO DE TECNOLOGIA DO PARANÁ - TECPAR,410,410,410
OPAC,Associação Ecovida de Certificação Participativa,411,411,411
CERTIFICADORA,IBD CERTIFICAÇÕES LTDA,412,412,412
CERTIFICADORA,IBD CERTIFICAÇÕES LTDA,413,413,413
CERTIFICADORA,IBD CERTIFICAÇÕES LTDA,414,414,414
CERTIFICADORA,ECOCERT BRASIL CERTIFICADORA,415,415,415
OPAC,CENTRO DE DESENVOLVIMENTO AGROECOLOGICO DO CERRADO-CEDAC,416,416,416
OPAC,Associação Ecovida de Certificação Participativa,417,417,417
Certificadora,Kiwa BCS Brasil,418,418,418
CERTIFICADORA,ECOCERT BRASIL CERTIFICADORA,419,419,419
OPAC,REDE APOMS,420,420,420
OPAC,Associação Ecovida de Certificação Participativa,421,421,421
CERTIFICADORA,IBD CERTIFICAÇÕES LTDA,422,422,422
CERTIFICADORA,IBD CERTIFICAÇÕES LTDA,423,423,423
CERTIFICADORA,IBD CERTIFICAÇÕES LTDA,424,424,424
OPAC,ASSOCIACAO POVOS DA MATA ATLANTICA DO SUL DA BAHIA DE CERTIFICAÇÃO PARTICIPATIVA,425,425,425
CERTIFICADORA,IBD CERTIFICAÇÕES LTDA,426,426,426
CERTIFICADORA,IBD CERTIFICAÇÕES LTDA,427,427,427
OCS,ASSOCIAÇÃO DOS PRODUTORES ORGÂNICOS DE MESSIAS TARGINO-APOMT,428,428,428
OCS,TAPUIO ECOLOGICO,429,429,429
OPAC,Associação Ecovida de Certificação Participativa,430,430,430
OCS,COOPERATIVA DOS APICULTORES E AGRICULTORES FAMILIARES DO NORTE DE MINAS-COOPEMAPI,431,431,431
OPAC,OPAC CERRADO,432,432,432
OPAC,Associação Ecovida de Certificação Participativa,433,433,433
OPAC,Associação Ecovida de Certificação Participativa,434,434,434
CERTIFICADORA,ECOCERT BRASIL CERTIFICADORA,435,435,435
CERTIFICADORA,ECOCERT BRASIL CERTIFICADORA,436,436,436
OPAC,COCEARGS - COOPERATIVA CENTRAL DOS ASSENTAMENTOS DO RIO GRANDE DO SUL LTDA.,437,437,437
OCS,COCEARGS VIAMÃO ,438,438,438
OPAC,COCEARGS - COOPERATIVA CENTRAL DOS ASSENTAMENTOS DO RIO GRANDE DO SUL LTDA.,439,439,439
OCS,OCS-00094/PB - ASSOCIAÇÃO DOS AGRICULTORES E AGRICULTORAS AGROECOLÓGICOS DO COMPARTIMENTO DA BORBOREMA (OCS),440,440,440
OPAC,ORGÂNICOS SUL DE MINAS,441,441,441
CERTIFICADORA,IBD CERTIFICAÇÕES LTDA,442,442,442
CERTIFICADORA,IBD CERTIFICAÇÕES LTDA,443,443,443
CERTIFICADORA,INSTITUTO CHÃO VIVO DE AVALIAÇÃO DA CONFORMIDADE,444,444,444
OPAC,ASSOCIAÇÃO DE AGRICULTORES BIOLÓGICOS DO ESTADO DO RIO DE JANEIRO,445,445,445
CERTIFICADORA,ECOCERT BRASIL CERTIFICADORA,446,446,446
OPAC,Associação Ecovida de Certificação Participativa,447,447,447
Certificadora,Kiwa BCS Brasil,448,448,448
OPAC,Associação Ecovida de Certificação Participativa,449,449,449
CERTIFICADORA,IBD CERTIFICAÇÕES LTDA,450,450,450
CERTIFICADORA,IBD CERTIFICAÇÕES LTDA,451,451,451
CERTIFICADORA,IBD CERTIFICAÇÕES LTDA,452,452,452
OPAC,Associação Ecovida de Certificação Participativa,453,453,453
OPAC,Associação Ecovida de Certificação Participativa,454,454,454
OPAC,Associação Ecovida de Certificação Participativa,455,455,455
OPAC,Associação Ecovida de Certificação Participativa,456,456,456
OPAC,Associação Ecovida de Certificação Participativa,457,457,457
OPAC,Associação Ecovida de Certificação Participativa,458,458,458
OPAC,Associação Ecovida de Certificação Participativa,459,459,459
CERTIFICADORA,ECOCERT BRASIL CERTIFICADORA,460,460,460
OCS,CONSELHO DE SEGURANÇA DA AGRICULTURA ORGÂNICA - CONSEA ORGANICO,461,461,461
OCS,BROTAS ORGÂNICO,462,462,462
CERTIFICADORA,IBD CERTIFICAÇÕES LTDA,463,463,463
OCS,ASSOCIAÇÃO DOS MORADORES E PLANTADORES DE F. E HF. DA FAZ. BARROCA DE CIMA E ADJACÊNCIAS,464,464,464
OPAC,Associação Ecovida de Certificação Participativa,465,465,465
CERTIFICADORA,IBD CERTIFICAÇÕES LTDA,466,466,466
CERTIFICADORA,IBD CERTIFICAÇÕES LTDA,467,467,467
CERTIFICADORA,IBD CERTIFICAÇÕES LTDA,468,468,468
CERTIFICADORA,IBD CERTIFICAÇÕES LTDA,469,469,469
OCS,OCS DOS PRODUTORES ORGÂNICOS DE BOQUIM,470,470,470
OCS,ASSOCIAÇÃO DAS TRABALHADORAS RURAIS ESPERANÇOSAS DE RONDÔNIA,471,471,471
OCS,ASSOCIAÇÃO DOS AGRICULTORES FAMILIARES DO MUNICÍPIO DE CAJATI - AAGFAM,472,472,472
CERTIFICADORA,IBD CERTIFICAÇÕES LTDA,473,473,473
OCS,AGROFLORESCER ORGÂNICO,474,474,474
OCS,ASSOCIAÇÃO DA COMUNIDADE AGRÁRIA DE SÃO CARLOS E REGIÃO,475,475,475
CERTIFICADORA,IBD CERTIFICAÇÕES LTDA,476,476,476
CERTIFICADORA,IBD CERTIFICAÇÕES LTDA,477,477,477
CERTIFICADORA,IMO CONTROL DO BRASIL LTDA,478,478,478
OCS,DESAFIANDO O FUTURO,479,479,479
OPAC,COCEARGS - COOPERATIVA CENTRAL DOS ASSENTAMENTOS DO RIO GRANDE DO SUL LTDA.,480,480,480
CERTIFICADORA,ECOCERT BRASIL CERTIFICADORA,481,481,481
OPAC,Associação Ecovida de Certificação Participativa,482,482,482
CERTIFICADORA,INSTITUTO DE TECNOLOGIA DO PARANÁ - TECPAR,483,483,483
OPAC,COCEARGS - COOPERATIVA CENTRAL DOS ASSENTAMENTOS DO RIO GRANDE DO SUL LTDA.,484,484,484
CERTIFICADORA,IMO CONTROL DO BRASIL LTDA,485,485,485
CERTIFICADORA,IMO CONTROL DO BRASIL LTDA,486,486,486
CERTIFICADORA,ECOCERT BRASIL CERTIFICADORA,487,487,487
OPAC,Associação Ecovida de Certificação Participativa,488,488,488
OCS,PEDRA DO INDIO,489,489,489
OCS,ASSOCIAÇÃO DE DESENVOLVIMENTO RURAL SUSTENTÁVEL DA SERRA DA BAIXA VERDE,490,490,490
OCS,ASSOCIAÇÃO DE CONTROLE SOCIAL DOS PRODUTORES ORGÂNICOS DE CAICÓ - CAICÓ ORGÂNICO,491,491,491
OPAC,ORGÂNICOS SUL DE MINAS,492,492,492
CERTIFICADORA,INSTITUTO CHÃO VIVO DE AVALIAÇÃO DA CONFORMIDADE,493,493,493
OCS,OCS DOS PRODUTORES ORGANICOS DO TERRITORIO SUL SERGIPANO,494,494,494
OCS,OCS CAF - COOPERATIVA DOS AGRICULTORES FAMILIARES DE COLATINA,495,495,495
OCS,Cooperativa Mista Triufense dos Agricultores e Agricultoras Familiares LTDA - COAFTRIL,496,496,496
OCS,Cooperativa Mista Triufense dos Agricultores e Agricultoras Familiares LTDA - COAFTRIL,497,497,497
CERTIFICADORA,ECOCERT BRASIL CERTIFICADORA,498,498,498
CERTIFICADORA,IBD CERTIFICAÇÕES LTDA,499,499,499
OPAC,Associação Ecovida de Certificação Participativa,500,500,500
OPAC,Associação Ecovida de Certificação Participativa,501,501,501
CERTIFICADORA,IBD CERTIFICAÇÕES LTDA,502,502,502
CERTIFICADORA,INSTITUTO CHÃO VIVO DE AVALIAÇÃO DA CONFORMIDADE,503,503,503
CERTIFICADORA,IBD CERTIFICAÇÕES LTDA,504,504,504
CERTIFICADORA,IBD CERTIFICAÇÕES LTDA,505,505,505
OCS,OCS DOS PROD. ORG. DE CEL JOAO PESSOA OPOCEL,506,506,506
OCS,ÁGUA VIVA,507,507,507
OPAC,Associação Ecovida de Certificação Participativa,508,508,508
OPAC,ASSOCIAÇÃO DE AGRICULTORES BIOLÓGICOS DO ESTADO DO RIO DE JANEIRO,509,509,509
OCS,ORGÂNICOS BELA VISTA,510,510,510
OPAC,Associação Ecovida de Certificação Participativa,511,511,511
OPAC,ASSOCIAÇÃO DE AGRICULTURA NATURAL DE CAMPINAS E REGIÃO - ANC,512,512,512
OCS,ASSOCIAÇÃO AGROECOLÓGICA SERTÃO DO PAJEÚ,513,513,513
OCS,GRUPO DE HORTICULTORES DA HORTA COMUNITÁRIA DO CONJUNTO NOVA VIDA,514,514,514
OPAC,Associação Ecovida de Certificação Participativa,515,515,515
OPAC,ASSOCIACAO POVOS DA MATA ATLANTICA DO SUL DA BAHIA DE CERTIFICAÇÃO PARTICIPATIVA,516,516,516
OCS,GRUPO ECOLÓGICO TERRA VIVA CARLOS LAMARCA,517,517,517
OPAC,Associação Ecovida de Certificação Participativa,518,518,518
OCS,OCS-00091/PB - ASSOCIAÇÃO DOS PEQUENOS PRODUTORES RURAIS DE RIACHO DOALGODÃO E SANTA RITA (OCS),519,519,519
OCS,OCS FRUTOS DA COMUNA DA TERRA,520,520,520
CERTIFICADORA,IBD CERTIFICAÇÕES LTDA,521,521,521
CERTIFICADORA,IBD CERTIFICAÇÕES LTDA,522,522,522
OCS,OCS DO ASSENTAMENTO NOVA CANADÁ,523,523,523
OCS,OCS DOS PRODUTORES ORGÂNICOS DE NOSSA SENHORA DA GLÓRIA,524,524,524
OPAC,ASSOCIAÇÃO PARTICIPATIVA DE CERTIFICAÇÃO MANIVA - OPAC MANIVA,525,525,525
OPAC,ASSOCIAÇÃO DE AGRICULTORES BIOLÓGICOS DO ESTADO DO RIO DE JANEIRO,526,526,526
OCS,Organização  de Controle Social-VIDA AGROECOLÓGICA,527,527,527
OCS,Organização  de Controle Social-VIDA AGROECOLÓGICA,528,528,528
OPAC,Associação Ecovida de Certificação Participativa,529,529,529
OCS,ASSOCIAÇÃO DOS PRODUTORES ORGÂNICOS TERRA FÉRTIL EM BREJO DA MADRE DE DEUS,530,530,530
CERTIFICADORA,IBD CERTIFICAÇÕES LTDA,531,531,531
CERTIFICADORA,ECOCERT BRASIL CERTIFICADORA,532,532,532
OCS,ASSOCIAÇÃO COMUNITÁRIA DO ASSENTAMENTO DOM HELDER CAMARA-ACDH,533,533,533
CERTIFICADORA,AGRICONTROL S/A,534,534,534
OCS,ASSOCIAÇÃO DOS AGRICULTORES DA COMUNIDADE SÃO FRANCISCO DE ASSIS,535,535,535
OPAC,Associação Ecovida de Certificação Participativa,536,536,536
OPAC,Associação Ecovida de Certificação Participativa,537,537,537
OPAC,Associação Ecovida de Certificação Participativa,538,538,538
OPAC,COCEARGS - COOPERATIVA CENTRAL DOS ASSENTAMENTOS DO RIO GRANDE DO SUL LTDA.,539,539,539
OCS,ORGÂNICOS ESTRELA,540,540,540
CERTIFICADORA,IBD CERTIFICAÇÕES LTDA,541,541,541
CERTIFICADORA,ECOCERT BRASIL CERTIFICADORA,542,542,542
OPAC,Associação Ecovida de Certificação Participativa,543,543,543
OPAC,Associação Ecovida de Certificação Participativa,544,544,544
OPAC,Associação Ecovida de Certificação Participativa,545,545,545
OCS,TAPUIO ECOLOGICO,546,546,546
OCS,VERO SAPORE,547,547,547
CERTIFICADORA,ECOCERT BRASIL CERTIFICADORA,548,548,548
OCS,COOPERATIVA DE AGROINDÚSTRIA E COMÉRCIO TERRA LIVRE,549,549,549
CERTIFICADORA,IBD CERTIFICAÇÕES LTDA,550,550,550
OCS,Cooperativa Mista Triufense dos Agricultores e Agricultoras Familiares LTDA - COAFTRIL,551,551,551
OCS,Cooperativa Mista Triufense dos Agricultores e Agricultoras Familiares LTDA - COAFTRIL,552,552,552
CERTIFICADORA,IBD CERTIFICAÇÕES LTDA,553,553,553
OCS,ÁGUA VIVA,554,554,554
OPAC,ASSOCIAÇÃO DE AGRICULTURA NATURAL DE CAMPINAS E REGIÃO - ANC,555,555,555
OPAC,ASSOCIAÇÃO DE AGRICULTORES BIOLÓGICOS DO ESTADO DO RIO DE JANEIRO,556,556,556
CERTIFICADORA,ECOCERT BRASIL CERTIFICADORA,557,557,557
OPAC,Associação Ecovida de Certificação Participativa,558,558,558
OCS,AMIGOS ORGÂNICOS,559,559,559
OCS,PROLAZUL - PRODUTORES ORGANICOS DE LAGOA AZUL,560,560,560
CERTIFICADORA,IBD CERTIFICAÇÕES LTDA,561,561,561
OPAC,Associação Ecovida de Certificação Participativa,562,562,562
OPAC,ASSOCIAÇÃO DE AGRICULTORES BIOLÓGICOS DO ESTADO DO RIO DE JANEIRO,563,563,563
OPAC,ASSOCIAÇÃO DE AGRICULTORES BIOLÓGICOS DO ESTADO DO RIO DE JANEIRO,564,564,564
OPAC,ASSOCIAÇÃO DE AGRICULTURA NATURAL DE CAMPINAS E REGIÃO - ANC,565,565,565
CERTIFICADORA,IBD CERTIFICAÇÕES LTDA,566,566,566
CERTIFICADORA,INSTITUTO DE TECNOLOGIA DO PARANÁ - TECPAR,567,567,567
CERTIFICADORA,ECOCERT BRASIL CERTIFICADORA,568,568,568
OPAC,Associação Ecovida de Certificação Participativa,569,569,569
OPAC,Associação Ecovida de Certificação Participativa,570,570,570
CERTIFICADORA,IBD CERTIFICAÇÕES LTDA,571,571,571
OCS,ASSOCIAÇÃO SAÚDE E ALEGRIA DE PRODUTORES ORGÂNICOS - ASAPO,572,572,572
OCS,OCS-PRODUTORES ORGÂNICOS DO AGRESTE CENTRAL,573,573,573
OCS,ASSOCIAÇÃO DE AGRICULTORES AGROECOLÓGICOS DE DOMIGOS MARTINS,574,574,574
OCS,ASSOCIAÇÃO DOS AGRICULTORES/AS AGROECOLÓGICOS DE BOM JARDIM,575,575,575
OCS,COOPERATIVA DA AGRICULTURA FAMILIAR E AGROECOLÓGICA - COOPERACRA,576,576,576
CERTIFICADORA,INSTITUTO DE TECNOLOGIA DO PARANÁ - TECPAR,577,577,577
OPAC,Associação Ecovida de Certificação Participativa,578,578,578
OCS,ASSOCIAÇÃO DOS MORADORES E PLANTADORES DE F. E HF. DA FAZ. BARROCA DE CIMA E ADJACÊNCIAS,579,579,579
OCS,COOPERATIVA SUL ECOLÓGICA DE AGRICULTORES FAMILIARES LTDA.,580,580,580
CERTIFICADORA,ECOCERT BRASIL CERTIFICADORA,581,581,581
CERTIFICADORA,IBD CERTIFICAÇÕES LTDA,582,582,582
OPAC,Associação Ecovida de Certificação Participativa,583,583,583
OPAC,OPAC CERRADO,584,584,584
OCS,ASSOCIAÇÃO COMUNITÁRIA DE PRODUTORES RURAIS DE PALMEIDAS,585,585,585
OPAC,Associação Ecovida de Certificação Participativa,586,586,586
CERTIFICADORA,IBD CERTIFICAÇÕES LTDA,587,587,587
OPAC,Associação Ecovida de Certificação Participativa,588,588,588
CERTIFICADORA,IBD CERTIFICAÇÕES LTDA,589,589,589
CERTIFICADORA,IBD CERTIFICAÇÕES LTDA,590,590,590
OCS,PAIS NESTOR GOMES,591,591,591
CERTIFICADORA,IBD CERTIFICAÇÕES LTDA,592,592,592
CERTIFICADORA,INSTITUTO CHÃO VIVO DE AVALIAÇÃO DA CONFORMIDADE,593,593,593
OCS,COOPERATIVA DAS ASSOCIAÇÕES DOS AGRICULTORES E PECUARISTA FAMILIARES DE MIRANDIBA - COOAFAM,594,594,594
CERTIFICADORA,IBD CERTIFICAÇÕES LTDA,595,595,595
Certificadora,Kiwa BCS Brasil,596,596,596
OCS,"GRUPO AREIA BRANCA, QUILOMBO AGROFLORESTAL",597,597,597
OPAC,Associação Ecovida de Certificação Participativa,598,598,598
OPAC,Associação Ecovida de Certificação Participativa,599,599,599
OPAC,Associação Ecovida de Certificação Participativa,600,600,600
OPAC,Associação Ecovida de Certificação Participativa,601,601,601
CERTIFICADORA,IBD CERTIFICAÇÕES LTDA,602,602,602
OPAC,Associação Ecovida de Certificação Participativa,603,603,603
CERTIFICADORA,IBD CERTIFICAÇÕES LTDA,604,604,604
OCS,COOPERATIVA DOS APICULTORES E AGRICULTORES FAMILIARES DO NORTE DE MINAS-COOPEMAPI,605,605,605
CERTIFICADORA,IBD CERTIFICAÇÕES LTDA,606,606,606
OPAC,Associação Ecovida de Certificação Participativa,607,607,607
OCS,ORGÂNICOS DA MATA,608,608,608
CERTIFICADORA,ECOCERT BRASIL CERTIFICADORA,609,609,609
CERTIFICADORA,Instituto Nacional de Tecnologia- INT,610,610,610
CERTIFICADORA,AGRICONTROL S/A,611,611,611
Certificadora,Kiwa BCS Brasil,612,612,612
CERTIFICADORA,IBD CERTIFICAÇÕES LTDA,613,613,613
OCS,ASSOCIAÇÃO DOS PEQUENOS PRODUTORES DE ITATI - APPI,614,614,614
OCS,COOPERATIVA DE PRODUÇÃO E DESENVOLVIMENTO RURAL E URBANO - CONDRUP,615,615,615
CERTIFICADORA,IBD CERTIFICAÇÕES LTDA,616,616,616
OPAC,Associação Ecovida de Certificação Participativa,617,617,617
CERTIFICADORA,IBD CERTIFICAÇÕES LTDA,618,618,618
OCS,BOFETE ORGÂNICO,619,619,619
OCS,COOPERATIVA DAS ASSOCIAÇÕES DOS AGRICULTORES E PECUARISTA FAMILIARES DE MIRANDIBA - COOAFAM,620,620,620
CERTIFICADORA,IBD CERTIFICAÇÕES LTDA,621,621,621
OCS,"GRUPO AREIA BRANCA, QUILOMBO AGROFLORESTAL",622,622,622
CERTIFICADORA,IBD CERTIFICAÇÕES LTDA,623,623,623
OCS,ASSOCIAÇÃO DE PRODUTORES E PRODUTORAS ORGÂNICAS DE CEARÁ MIRIM,624,624,624
OCS,ASSOCIAÇÃO DOS AGRICULTORES FAMILIARES DO ALTO URUPADI-AFFAU,625,625,625
CERTIFICADORA,IBD CERTIFICAÇÕES LTDA,626,626,626
OPAC,ASSOCIAÇÃO DE AGRICULTURA NATURAL DE CAMPINAS E REGIÃO - ANC,627,627,627
OPAC,Associação Ecovida de Certificação Participativa,628,628,628
OPAC,Associação Ecovida de Certificação Participativa,629,629,629
CERTIFICADORA,ECOCERT BRASIL CERTIFICADORA,630,630,630
CERTIFICADORA,ECOCERT BRASIL CERTIFICADORA,631,631,631
OCS,ASSOCIAÇÃO DAS FAMILIAS AGROECOLOGIAS DE SÃO SEVERINO E SEUS ARREDORES,632,632,632
CERTIFICADORA,IBD CERTIFICAÇÕES LTDA,633,633,633
CERTIFICADORA,IBD CERTIFICAÇÕES LTDA,634,634,634
OCS,PEDRA DO INDIO,635,635,635
OPAC,Associação Ecovida de Certificação Participativa,636,636,636
OCS,ASSOCIAÇÃO DOS PRODUTORES ORGÂNICOS DE LAGARTO,637,637,637
CERTIFICADORA,INSTITUTO DE TECNOLOGIA DO PARANÁ - TECPAR,638,638,638
CERTIFICADORA,ECOCERT BRASIL CERTIFICADORA,639,639,639
CERTIFICADORA,IBD CERTIFICAÇÕES LTDA,640,640,640
OCS,ASSOCIAÇÃO DOS PEQUENOS PRODUTORES RURAIS DO SITIO ÁGUA BRANCA,641,641,641
OCS,TAPUIO ECOLOGICO,642,642,642
OPAC,COCEARGS - COOPERATIVA CENTRAL DOS ASSENTAMENTOS DO RIO GRANDE DO SUL LTDA.,643,643,643
CERTIFICADORA,IMO CONTROL DO BRASIL LTDA,644,644,644
OPAC,ASSOCIAÇÃO DE AGRICULTORES BIOLÓGICOS DO ESTADO DO RIO DE JANEIRO,645,645,645
CERTIFICADORA,IBD CERTIFICAÇÕES LTDA,646,646,646
CERTIFICADORA,IBD CERTIFICAÇÕES LTDA,647,647,647
CERTIFICADORA,INSTITUTO DE TECNOLOGIA DO PARANÁ - TECPAR,648,648,648
OCS,PRODUTORES ORGÂNICOS DE ITARARÉ E REGIÃO (PROITA),649,649,649
OPAC,Associação Ecovida de Certificação Participativa,650,650,650
OPAC,Associação Ecovida de Certificação Participativa,651,651,651
CERTIFICADORA,INSTITUTO DE TECNOLOGIA DO PARANÁ - TECPAR,652,652,652
OCS,AMIGOS ORGÂNICOS,653,653,653
CERTIFICADORA,ECOCERT BRASIL CERTIFICADORA,654,654,654
CERTIFICADORA,IBD CERTIFICAÇÕES LTDA,655,655,655
CERTIFICADORA,IMO CONTROL DO BRASIL LTDA,656,656,656
CERTIFICADORA,ECOCERT BRASIL CERTIFICADORA,657,657,657
CERTIFICADORA,ECOCERT BRASIL CERTIFICADORA,658,658,658
CERTIFICADORA,IBD CERTIFICAÇÕES LTDA,659,659,659
CERTIFICADORA,ECOCERT BRASIL CERTIFICADORA,660,660,660
CERTIFICADORA,IBD CERTIFICAÇÕES LTDA,661,661,661
CERTIFICADORA,IBD CERTIFICAÇÕES LTDA,662,662,662
CERTIFICADORA,IBD CERTIFICAÇÕES LTDA,663,663,663
CERTIFICADORA,AGRICONTROL S/A,664,664,664
CERTIFICADORA,IBD CERTIFICAÇÕES LTDA,665,665,665
CERTIFICADORA,IBD CERTIFICAÇÕES LTDA,666,666,666
CERTIFICADORA,ECOCERT BRASIL CERTIFICADORA,667,667,667
CERTIFICADORA,IBD CERTIFICAÇÕES LTDA,668,668,668
CERTIFICADORA,ECOCERT BRASIL CERTIFICADORA,669,669,669
OPAC,ORGÂNICOS SUL DE MINAS,670,670,670
OPAC,Associação Ecovida de Certificação Participativa,671,671,671
CERTIFICADORA,IBD CERTIFICAÇÕES LTDA,672,672,672
OPAC,Associação Ecovida de Certificação Participativa,673,673,673
CERTIFICADORA,ECOCERT BRASIL CERTIFICADORA,674,674,674
OPAC,Associação Ecovida de Certificação Participativa,675,675,675
CERTIFICADORA,IBD CERTIFICAÇÕES LTDA,676,676,676
CERTIFICADORA,IBD CERTIFICAÇÕES LTDA,677,677,677
CERTIFICADORA,ECOCERT BRASIL CERTIFICADORA,678,678,678
CERTIFICADORA,IBD CERTIFICAÇÕES LTDA,679,679,679
CERTIFICADORA,IBD CERTIFICAÇÕES LTDA,680,680,680
OPAC,Associação Ecovida de Certificação Participativa,681,681,681
OPAC,Associação Ecovida de Certificação Participativa,682,682,682
OPAC,Associação Ecovida de Certificação Participativa,683,683,683
OPAC,Associação Ecovida de Certificação Participativa,684,684,684
OPAC,ORGÂNICOS SUL DE MINAS,685,685,685
CERTIFICADORA,IBD CERTIFICAÇÕES LTDA,686,686,686
OPAC,Associação Ecovida de Certificação Participativa,687,687,687
CERTIFICADORA,IBD CERTIFICAÇÕES LTDA,688,688,688
CERTIFICADORA,IBD CERTIFICAÇÕES LTDA,689,689,689
CERTIFICADORA,IBD CERTIFICAÇÕES LTDA,690,690,690
CERTIFICADORA,IBD CERTIFICAÇÕES LTDA,691,691,691
CERTIFICADORA,IBD CERTIFICAÇÕES LTDA,692,692,692
CERTIFICADORA,IBD CERTIFICAÇÕES LTDA,693,693,693
CERTIFICADORA,IBD CERTIFICAÇÕES LTDA,694,694,694
CERTIFICADORA,IBD CERTIFICAÇÕES LTDA,695,695,695
CERTIFICADORA,IBD CERTIFICAÇÕES LTDA,696,696,696
CERTIFICADORA,INSTITUTO DE TECNOLOGIA DO PARANÁ - TECPAR,697,697,697
CERTIFICADORA,IBD CERTIFICAÇÕES LTDA,698,698,698
CERTIFICADORA,IBD CERTIFICAÇÕES LTDA,699,699,699
CERTIFICADORA,IBD CERTIFICAÇÕES LTDA,700,700,700
Certificadora,Kiwa BCS Brasil,701,701,701
Certificadora,Kiwa BCS Brasil,702,702,702
CERTIFICADORA,IBD CERTIFICAÇÕES LTDA,703,703,703
CERTIFICADORA,IBD CERTIFICAÇÕES LTDA,704,704,704
CERTIFICADORA,ECOCERT BRASIL CERTIFICADORA,705,705,705
OPAC,ASSOCIAÇÃO BRASILEIRA DE AGRICULTURA BIODINÂMICA,706,706,706
OCS,GRUPO OCS 15 DE AGOSTO,707,707,707
CERTIFICADORA,IBD CERTIFICAÇÕES LTDA,708,708,708
CERTIFICADORA,IBD CERTIFICAÇÕES LTDA,709,709,709
CERTIFICADORA,IBD CERTIFICAÇÕES LTDA,710,710,710
OPAC,Associação Ecovida de Certificação Participativa,711,711,711
CERTIFICADORA,IBD CERTIFICAÇÕES LTDA,712,712,712
CERTIFICADORA,IBD CERTIFICAÇÕES LTDA,713,713,713
CERTIFICADORA,IBD CERTIFICAÇÕES LTDA,714,714,714
CERTIFICADORA,IBD CERTIFICAÇÕES LTDA,715,715,715
CERTIFICADORA,IBD CERTIFICAÇÕES LTDA,716,716,716
CERTIFICADORA,IBD CERTIFICAÇÕES LTDA,717,717,717
CERTIFICADORA,IBD CERTIFICAÇÕES LTDA,718,718,718
ocs,Assoc. Com. BETE II - Revivência Quilombola-ACBRQ,719,719,719
OCS,ORGANIZAÇÃO CENTRAL DAS ASSOCIAÇÕES DE DESENVOLVIMENTO COMUNITÁRIO - OCADECTO,720,720,720
CERTIFICADORA,INSTITUTO CHÃO VIVO DE AVALIAÇÃO DA CONFORMIDADE,721,721,721
OPAC,Associação Ecovida de Certificação Participativa,722,722,722
CERTIFICADORA,ECOCERT BRASIL CERTIFICADORA,723,723,723
OCS,ASSOCIAÇÃO DAS TRABALHADORAS RURAIS ESPERANÇOSAS DE RONDÔNIA,724,724,724
CERTIFICADORA,IBD CERTIFICAÇÕES LTDA,725,725,725
OCS,AMIGOS ORGÂNICOS,726,726,726
OCS,PROLAZUL - PRODUTORES ORGANICOS DE LAGOA AZUL,727,727,727
OPAC,ASSOCIAÇÃO DE AGRICULTORES BIOLÓGICOS DO ESTADO DO RIO DE JANEIRO,728,728,728
OCS,ASSOCIAÇÃO DOS PEQUENOS PRODUTORES RURAIS DOS SITÍOS PAUS BRANCOS E GIRAL DE CAPIM (OCS),729,729,729
CERTIFICADORA,IBD CERTIFICAÇÕES LTDA,730,730,730
OPAC,ASSOCIAÇÃO DE AGRICULTORES BIOLÓGICOS DO ESTADO DO RIO DE JANEIRO,731,731,731
CERTIFICADORA,ECOCERT BRASIL CERTIFICADORA,732,732,732
OCS,OCS CAF - COOPERATIVA DOS AGRICULTORES FAMILIARES DE COLATINA,733,733,733
OPAC,Associação Ecovida de Certificação Participativa,734,734,734
OPAC,Associação Ecovida de Certificação Participativa,735,735,735
CERTIFICADORA,ECOCERT BRASIL CERTIFICADORA,736,736,736
OPAC,ABDSUL - ASSOCIAÇÃO DE AGRICULTURA BIODNÂMICA DO SUL,737,737,737
OPAC,Associação Ecovida de Certificação Participativa,738,738,738
CERTIFICADORA,IBD CERTIFICAÇÕES LTDA,739,739,739
CERTIFICADORA,IBD CERTIFICAÇÕES LTDA,740,740,740
OCS,COOPERAGREPA GUARANTÃ DO NORTE,741,741,741
OPAC,Associação Ecovida de Certificação Participativa,742,742,742
CERTIFICADORA,INSTITUTO DE TECNOLOGIA DO PARANÁ - TECPAR,743,743,743
OCS,GRUPO DOS PRODUTORES ORGÂNICOS DA CACHOEIRA,744,744,744
CERTIFICADORA,ECOCERT BRASIL CERTIFICADORA,745,745,745
CERTIFICADORA,IBD CERTIFICAÇÕES LTDA,746,746,746
CERTIFICADORA,IBD CERTIFICAÇÕES LTDA,747,747,747
CERTIFICADORA,IBD CERTIFICAÇÕES LTDA,748,748,748
CERTIFICADORA,IBD CERTIFICAÇÕES LTDA,749,749,749
CERTIFICADORA,ECOCERT BRASIL CERTIFICADORA,750,750,750
CERTIFICADORA,INSTITUTO DE TECNOLOGIA DO PARANÁ - TECPAR,751,751,751
OPAC,COCEARGS - COOPERATIVA CENTRAL DOS ASSENTAMENTOS DO RIO GRANDE DO SUL LTDA.,752,752,752
CERTIFICADORA,IMO CONTROL DO BRASIL LTDA,753,753,753
OPAC,Associação Ecovida de Certificação Participativa,754,754,754
CERTIFICADORA,ECOCERT BRASIL CERTIFICADORA,755,755,755
CERTIFICADORA,IMO CONTROL DO BRASIL LTDA,756,756,756
OPAC,RAMA - ASSOCIAÇÃO DOS PRODUTORES DA REDE AGROECOLÓGICA METROPOLITANA,757,757,757
OCS,COOPERÁGUA - OCS VÓ ROSA,758,758,758
OPAC,Associação Ecovida de Certificação Participativa,759,759,759
CERTIFICADORA,ECOCERT BRASIL CERTIFICADORA,760,760,760
OPAC,ATIX - ASSOCIACAO TERRA INDIGENA XINGU,761,761,761
CERTIFICADORA,ECOCERT BRASIL CERTIFICADORA,762,762,762
OPAC,ATIX - ASSOCIACAO TERRA INDIGENA XINGU,763,763,763
OPAC,Associação Ecovida de Certificação Participativa,764,764,764
OCS,ASSOCIAÇÃO DE AGRICULTORES FAMILIARES ORGÂNICOS DE MATA DE SÃO JOÃO - AFOMA,765,765,765
CERTIFICADORA,ECOCERT BRASIL CERTIFICADORA,766,766,766
OPAC,Associação Ecovida de Certificação Participativa,767,767,767
CERTIFICADORA,IBD CERTIFICAÇÕES LTDA,768,768,768
CERTIFICADORA,ECOCERT BRASIL CERTIFICADORA,769,769,769
CERTIFICADORA,IBD CERTIFICAÇÕES LTDA,770,770,770
CERTIFICADORA,IBD CERTIFICAÇÕES LTDA,771,771,771
OPAC,ASSOCIAÇÃO BRASILEIRA DE AGRICULTURA BIODINÂMICA,772,772,772
CERTIFICADORA,IBD CERTIFICAÇÕES LTDA,773,773,773
Certificadora,Kiwa BCS Brasil,774,774,774
OPAC,Associação Ecovida de Certificação Participativa,775,775,775
CERTIFICADORA,IBD CERTIFICAÇÕES LTDA,776,776,776
CERTIFICADORA,Cugnier Certificadora,777,777,777
OPAC,ASSOCIAÇÃO DE AGRICULTORES BIOLÓGICOS DO ESTADO DO RIO DE JANEIRO,778,778,778
CERTIFICADORA,IBD CERTIFICAÇÕES LTDA,779,779,779
CERTIFICADORA,IBD CERTIFICAÇÕES LTDA,780,780,780
CERTIFICADORA,IBD CERTIFICAÇÕES LTDA,781,781,781
CERTIFICADORA,IBD CERTIFICAÇÕES LTDA,782,782,782
OCS,PROMOÇÃO HUMANA I,783,783,783
CERTIFICADORA,IBD CERTIFICAÇÕES LTDA,784,784,784
CERTIFICADORA,IBD CERTIFICAÇÕES LTDA,785,785,785
CERTIFICADORA,IBD CERTIFICAÇÕES LTDA,786,786,786
OPAC,Associação Ecovida de Certificação Participativa,787,787,787
OPAC,Associação Ecovida de Certificação Participativa,788,788,788
OPAC,Associação Ecovida de Certificação Participativa,789,789,789
CERTIFICADORA,INSTITUTO CHÃO VIVO DE AVALIAÇÃO DA CONFORMIDADE,790,790,790
OPAC,ASSOCIAÇÃO DE AGRICULTORES BIOLÓGICOS DO ESTADO DO RIO DE JANEIRO,791,791,791
CERTIFICADORA,INSTITUTO DE TECNOLOGIA DO PARANÁ - TECPAR,792,792,792
OPAC,Associação Ecovida de Certificação Participativa,793,793,793
CERTIFICADORA,IMO CONTROL DO BRASIL LTDA,794,794,794
CERTIFICADORA,ECOCERT BRASIL CERTIFICADORA,795,795,795
OCS,Grupo de produtores do Sistema PAIS,796,796,796
OPAC,Associação Ecovida de Certificação Participativa,797,797,797
CERTIFICADORA,IBD CERTIFICAÇÕES LTDA,798,798,798
CERTIFICADORA,IBD CERTIFICAÇÕES LTDA,799,799,799
CERTIFICADORA,ECOCERT BRASIL CERTIFICADORA,800,800,800
CERTIFICADORA,IBD CERTIFICAÇÕES LTDA,801,801,801
OPAC,ASSOCIAÇÃO DE AGRICULTORES BIOLÓGICOS DO ESTADO DO RIO DE JANEIRO,802,802,802
OPAC,ASSOCIAÇÃO DE AGRICULTORES BIOLÓGICOS DO ESTADO DO RIO DE JANEIRO,803,803,803
OPAC,Associação Ecovida de Certificação Participativa,804,804,804
OPAC,Associação Ecovida de Certificação Participativa,805,805,805
OPAC,ASSOCIACAO POVOS DA MATA ATLANTICA DO SUL DA BAHIA DE CERTIFICAÇÃO PARTICIPATIVA,806,806,806
CERTIFICADORA,IMO CONTROL DO BRASIL LTDA,807,807,807
OCS,AGRICULTORES AGROECOLÓGICOS DE SÃO LUIZ DO PARAITINGA,808,808,808
CERTIFICADORA,IBD CERTIFICAÇÕES LTDA,809,809,809
CERTIFICADORA,ECOCERT BRASIL CERTIFICADORA,810,810,810
OPAC,ASSOCIAÇÃO DE AGRICULTORES BIOLÓGICOS DO ESTADO DO RIO DE JANEIRO,811,811,811
OPAC,ASSOCIACAO POVOS DA MATA ATLANTICA DO SUL DA BAHIA DE CERTIFICAÇÃO PARTICIPATIVA,812,812,812
OCS,COCEARGS VIAMÃO ,813,813,813
OCS,ASSOCIAÇÃO AGROPECUÁRIA BARRA GRANDE DE CACONDE,814,814,814
OCS,GRUPO DE PRODUTORES RURAIS ORGÂNICOS DE VARGEM GRANDE PAULISTA E REGIÃO,815,815,815
CERTIFICADORA,IBD CERTIFICAÇÕES LTDA,816,816,816
CERTIFICADORA,IBD CERTIFICAÇÕES LTDA,817,817,817
OPAC,ASSOCIAÇÃO DE AGRICULTORES BIOLÓGICOS DO ESTADO DO RIO DE JANEIRO,818,818,818
OPAC,Associação Ecovida de Certificação Participativa,819,819,819
OCS,OCS EMBAÚBA ORGÂNICOS,820,820,820
OPAC,ASSOCIACAO BROTA CERRADO DA SERRA DA CANASTRA DE CERTIFICACAO PARTICIPATIVA,821,821,821
OCS,PAIS NESTOR GOMES,822,822,822
OPAC,COCEARGS - COOPERATIVA CENTRAL DOS ASSENTAMENTOS DO RIO GRANDE DO SUL LTDA.,823,823,823
CERTIFICADORA,IMO CONTROL DO BRASIL LTDA,824,824,824
CERTIFICADORA,IBD CERTIFICAÇÕES LTDA,825,825,825
OCS,ORGÂNICOS COPAD,826,826,826
OCS,ORGÂNICOS COPAD,827,827,827
CERTIFICADORA,IBD CERTIFICAÇÕES LTDA,828,828,828
OPAC,Associação Ecovida de Certificação Participativa,829,829,829
OCS,VIVER BEM,830,830,830
OCS,ASSOCIAÇÃO DOS AGRICULTORES DA COMUNIDADE SÃO FRANCISCO DE ASSIS,831,831,831
CERTIFICADORA,ECOCERT BRASIL CERTIFICADORA,832,832,832
CERTIFICADORA,IBD CERTIFICAÇÕES LTDA,833,833,833
OPAC,Associação Ecovida de Certificação Participativa,834,834,834
OPAC,ASSOCIAÇÃO DE AGRICULTORES BIOLÓGICOS DO ESTADO DO RIO DE JANEIRO,835,835,835
OCS,GRUPO DE AGRICULTORES AGROECOLÓGICOS DE CARIACICA - GAAC,836,836,836
CERTIFICADORA,INSTITUTO CHÃO VIVO DE AVALIAÇÃO DA CONFORMIDADE,837,837,837
OPAC,Associação Ecovida de Certificação Participativa,838,838,838
Certificadora,Kiwa BCS Brasil,839,839,839
OPAC,Associação Ecovida de Certificação Participativa,840,840,840
CERTIFICADORA,IBD CERTIFICAÇÕES LTDA,841,841,841
CERTIFICADORA,IBD CERTIFICAÇÕES LTDA,842,842,842
CERTIFICADORA,IBD CERTIFICAÇÕES LTDA,843,843,843
OPAC,Associação Ecovida de Certificação Participativa,844,844,844
OPAC,Associação Ecovida de Certificação Participativa,845,845,845
OPAC,Associação Ecovida de Certificação Participativa,846,846,846
CERTIFICADORA,IBD CERTIFICAÇÕES LTDA,847,847,847
CERTIFICADORA,IBD CERTIFICAÇÕES LTDA,848,848,848
CERTIFICADORA,IBD CERTIFICAÇÕES LTDA,849,849,849
CERTIFICADORA,IBD CERTIFICAÇÕES LTDA,850,850,850
OCS,COCEARGS VIAMÃO ,851,851,851
CERTIFICADORA,INSTITUTO DE TECNOLOGIA DO PARANÁ - TECPAR,852,852,852
OPAC,Associação Ecovida de Certificação Participativa,853,853,853
CERTIFICADORA,ECOCERT BRASIL CERTIFICADORA,854,854,854
OPAC,Associação Ecovida de Certificação Participativa,855,855,855
CERTIFICADORA,ECOCERT BRASIL CERTIFICADORA,856,856,856
OPAC,Associação Ecovida de Certificação Participativa,857,857,857
CERTIFICADORA,INSTITUTO DE TECNOLOGIA DO PARANÁ - TECPAR,858,858,858
OCS,ENGº AGRÔNOMO KANAE FUJIHIRA,859,859,859
OPAC,ASSOCIAÇÃO PARTICIPATIVA DE CERTIFICAÇÃO MANIVA - OPAC MANIVA,860,860,860
OCS,APOAM - ASSOCIAÇÃO DOS PRODUTORES ORGÂNICOS NO ESTADO DO AMAZONAS,861,861,861
CERTIFICADORA,IMO CONTROL DO BRASIL LTDA,862,862,862
CERTIFICADORA,IMO CONTROL DO BRASIL LTDA,863,863,863
CERTIFICADORA,IBD CERTIFICAÇÕES LTDA,864,864,864
CERTIFICADORA,ECOCERT BRASIL CERTIFICADORA,865,865,865
OPAC,Associação Ecovida de Certificação Participativa,866,866,866
CERTIFICADORA,Instituto Chão Vivo de Avaliação da Conformidade,867,867,867
OPAC,Associação Ecovida de Certificação Participativa,868,868,868
OPAC,ASSOCIAÇÃO DE AGRICULTORES BIOLÓGICOS DO ESTADO DO RIO DE JANEIRO,869,869,869
CERTIFICADORA,ECOCERT BRASIL CERTIFICADORA,870,870,870
OCS,OCS CRISTALINA,871,871,871
CERTIFICADORA,ECOCERT BRASIL CERTIFICADORA,872,872,872
CERTIFICADORA,ECOCERT BRASIL CERTIFICADORA,873,873,873
OCS,ÁGUA VIVA,874,874,874
OPAC,Associação Ecovida de Certificação Participativa,875,875,875
OCS,COOPERAGREPA - TERRA NOVA DO NORTE,876,876,876
CERTIFICADORA,IBD CERTIFICAÇÕES LTDA,877,877,877
OPAC,ASSOCIAÇÃO DE AGRICULTORES BIOLÓGICOS DO ESTADO DO RIO DE JANEIRO,878,878,878
OCS,ORGANIZAÇÃO DE CONTROLE SOCIAL DOS PRODUTORES ORGÂNICOS DE FRUTUOSO GOMES - AGRO ORGÂNICO,879,879,879
CERTIFICADORA,ECOCERT BRASIL CERTIFICADORA,880,880,880
CERTIFICADORA,IMO CONTROL DO BRASIL LTDA,881,881,881
CERTIFICADORA,IBD CERTIFICAÇÕES LTDA,882,882,882
CERTIFICADORA,ECOCERT BRASIL CERTIFICADORA,883,883,883
OPAC,Rede Borborema de Agroecologia,884,884,884
OCS,GRUPO DE HORTICULTORES DA HORTA COMUNITÁRIA DO CONJUNTO NOVA VIDA,885,885,885
OPAC,Associação Ecovida de Certificação Participativa,886,886,886
CERTIFICADORA,ECOCERT BRASIL CERTIFICADORA,887,887,887
OPAC,COCEARGS - COOPERATIVA CENTRAL DOS ASSENTAMENTOS DO RIO GRANDE DO SUL LTDA.,888,888,888
CERTIFICADORA,IMO CONTROL DO BRASIL LTDA,889,889,889
OPAC,Associação Ecovida de Certificação Participativa,890,890,890
CERTIFICADORA,IBD CERTIFICAÇÕES LTDA,891,891,891
OPAC,Associação Ecovida de Certificação Participativa,892,892,892
OCS,ARPA - ASSOCIAÇÃO REGIONAL DOS PRODUTORES AGROECOLÓGICOS,893,893,893
OPAC,Associação Ecovida de Certificação Participativa,894,894,894
OPAC,Associação Ecovida de Certificação Participativa,895,895,895
OCS,ASSOCIAÇÃO RURAL DE DESENVOLVIMENTO SUSTENTÁVEL DE LAGOA DO SACO,896,896,896
CERTIFICADORA,IBD CERTIFICAÇÕES LTDA,897,897,897
OCS,HORTA COLETIVA PRODUTOS ORGÂNICOS,898,898,898
OPAC,ASSOCIAÇÃO DE AGRICULTORES BIOLÓGICOS DO ESTADO DO RIO DE JANEIRO,899,899,899
OPAC,COCEARGS - COOPERATIVA CENTRAL DOS ASSENTAMENTOS DO RIO GRANDE DO SUL LTDA.,900,900,900
OPAC,ORGÂNICOS SUL DE MINAS,901,901,901
OCS,COOPERATIVA DAS ASSOCIAÇÕES DOS AGRICULTORES E PECUARISTA FAMILIARES DE MIRANDIBA - COOAFAM,902,902,902
CERTIFICADORA,ECOCERT BRASIL CERTIFICADORA,903,903,903
CERTIFICADORA,ECOCERT BRASIL CERTIFICADORA,904,904,904
OPAC,ACEPI,905,905,905
OCS,ORGANIZAÇÃO DE CONTROLE SOCIAL DOS PRODUTORES ORGÂNICOS DE JUCURUTU-PROJU,906,906,906
OCS,Grupo de Produtores orgânicos Unidos Venceremos,907,907,907
CERTIFICADORA,IBD CERTIFICAÇÕES LTDA,908,908,908
OPAC,Associação Ecovida de Certificação Participativa,909,909,909
OCS,OCS-00091/PB - ASSOCIAÇÃO DOS PEQUENOS PRODUTORES RURAIS DE RIACHO DOALGODÃO E SANTA RITA (OCS),910,910,910
CERTIFICADORA,ECOCERT BRASIL CERTIFICADORA,911,911,911
OPAC,OPAC CERRADO,912,912,912
OCS,OCS-00133/PB - ASSOCIAÇÃO DOS AGRICULTORES FAMILIARES AGROECOLÓGICOS DE PITIMBU (OCS),913,913,913
CERTIFICADORA,IBD CERTIFICAÇÕES LTDA,914,914,914
OPAC,ASSOCIAÇÃO DE CERTIFICAÇÃO PARTICIPATIVA AGROECOLOGICA (ACEPA),915,915,915
OPAC,ASSOCIAÇÃO DOS(AS) PRODUTORES(AS) AGROECOLOGICOS(AS) DO SEMIARIDO PIAUIENSE-APASPI,916,916,916
OCS,GRUPO DE HORTICULTORES DA HORTA COMUNITÁRIA DO CONJUNTO NOVA VIDA,917,917,917
OPAC,ASSOCIAÇÃO DE AGRICULTORES E AGRICULTORAS AGROECOLOGICOS DO  ARARIPE - ECOARARIPE,918,918,918
OPAC,COCEARGS - COOPERATIVA CENTRAL DOS ASSENTAMENTOS DO RIO GRANDE DO SUL LTDA.,919,919,919
CERTIFICADORA,IMO CONTROL DO BRASIL LTDA,920,920,920
CERTIFICADORA,IBD CERTIFICAÇÕES LTDA,921,921,921
CERTIFICADORA,IBD CERTIFICAÇÕES LTDA,922,922,922
OPAC,ASSOCIAÇÃO DE CERTIFICAÇÃO ORGÂNICA PARTICIPATIVA DO SERTÃO DO APODI - ACOPASA,923,923,923
OCS,COOPERANGI - HORTA AGROANA,924,924,924
OPAC,Associação Ecovida de Certificação Participativa,925,925,925
CERTIFICADORA,ECOCERT BRASIL CERTIFICADORA,926,926,926
OCS,OCS DO TERRITÓRIO LESTE SERGIPANO,927,927,927
OPAC,Associação Ecovida de Certificação Participativa,928,928,928
OPAC,Associação Ecovida de Certificação Participativa,929,929,929
CERTIFICADORA,ECOCERT BRASIL CERTIFICADORA,930,930,930
OCS,PRODUTOS ORGÂNICOS SÃO JOSÉ DO SERIDÓ - PROSE,931,931,931
OCS,ASSOCIAÇÃO DAS FAMILIAS AGROECOLOGIAS DE SÃO SEVERINO E SEUS ARREDORES,932,932,932
CERTIFICADORA,IBD CERTIFICAÇÕES LTDA,933,933,933
OPAC,Associação Ecovida de Certificação Participativa,934,934,934
OPAC,Associação Ecovida de Certificação Participativa,935,935,935
OPAC,Associação Ecovida de Certificação Participativa,936,936,936
OPAC,Associação Ecovida de Certificação Participativa,937,937,937
OPAC,Associação Ecovida de Certificação Participativa,938,938,938
OCS,ASSOCIAÇÃO ORGÂNICA DE CARAGUATATUBA E REGIÃO,939,939,939
OCS,ASSOCIAÇÃO VENECIANA DE AGROECOLOGIA - UNIVERSO ORGÂNICO,940,940,940
OPAC,OPAC CERRADO,941,941,941
OPAC,Associação Ecovida de Certificação Participativa,942,942,942
CERTIFICADORA,ECOCERT BRASIL CERTIFICADORA,943,943,943
CERTIFICADORA,ECOCERT BRASIL CERTIFICADORA,944,944,944
OPAC,COCEARGS - COOPERATIVA CENTRAL DOS ASSENTAMENTOS DO RIO GRANDE DO SUL LTDA.,945,945,945
OPAC,ASSOCIAÇÃO DE AGRICULTORES BIOLÓGICOS DO ESTADO DO RIO DE JANEIRO,946,946,946
CERTIFICADORA,ECOCERT BRASIL CERTIFICADORA,947,947,947
OPAC,Associação Ecovida de Certificação Participativa,948,948,948
OPAC,Associação Ecovida de Certificação Participativa,949,949,949
OCS,ASSOCIAÇÃO DE PRODUTORES E PRODUTORAS DA FEIRA AGROECOLÓGICA DE MOSSORÓ - APROFAM,950,950,950
OPAC,ASSOCIAÇÃO DE AGRICULTORES BIOLÓGICOS DO ESTADO DO RIO DE JANEIRO,951,951,951
OPAC,ASSOCIAÇÃO DE AGRICULTORES BIOLÓGICOS DO ESTADO DO RIO DE JANEIRO,952,952,952
OPAC,Associação Ecovida de Certificação Participativa,953,953,953
CERTIFICADORA,IBD CERTIFICAÇÕES LTDA,954,954,954
OCS,AGRICULTORES AGROECOLÓGICOS DE VARRE-SAI,955,955,955
CERTIFICADORA,IBD CERTIFICAÇÕES LTDA,956,956,956
CERTIFICADORA,IBD CERTIFICAÇÕES LTDA,957,957,957
CERTIFICADORA,IBD CERTIFICAÇÕES LTDA,958,958,958
CERTIFICADORA,IBD CERTIFICAÇÕES LTDA,959,959,959
OPAC,ASSOCIAÇÃO DE AGRICULTORES BIOLÓGICOS DO ESTADO DO RIO DE JANEIRO,960,960,960
CERTIFICADORA,Cugnier Certificadora,961,961,961
OCS,OCS Agricultores Familiares Agroecológicos de Baependi (AFAB),962,962,962
CERTIFICADORA,IMO CONTROL DO BRASIL LTDA,963,963,963
CERTIFICADORA,ECOCERT BRASIL CERTIFICADORA,964,964,964
OPAC,Associação Ecovida de Certificação Participativa,965,965,965
OPAC,ASSOCIAÇÃO DE AGRICULTORES BIOLÓGICOS DO ESTADO DO RIO DE JANEIRO,966,966,966
CERTIFICADORA,IBD CERTIFICAÇÕES LTDA,967,967,967
OPAC,COCEARGS - COOPERATIVA CENTRAL DOS ASSENTAMENTOS DO RIO GRANDE DO SUL LTDA.,968,968,968
OPAC,ASSOCIAÇÃO DE AGRICULTORES BIOLÓGICOS DO ESTADO DO RIO DE JANEIRO,969,969,969
OPAC,Associação Ecovida de Certificação Participativa,970,970,970
OPAC,Associação Ecovida de Certificação Participativa,971,971,971
CERTIFICADORA,IBD CERTIFICAÇÕES LTDA,972,972,972
OPAC,ORGÂNICOS SUL DE MINAS,973,973,973
CERTIFICADORA,IBD CERTIFICAÇÕES LTDA,974,974,974
OPAC,ASSOCIAÇÃO DE AGRICULTORES BIOLÓGICOS DO ESTADO DO RIO DE JANEIRO,975,975,975
OPAC,COCEARGS - COOPERATIVA CENTRAL DOS ASSENTAMENTOS DO RIO GRANDE DO SUL LTDA.,976,976,976
OCS,GRUPO DE AGRICULTORES ORGÂNICOS DE BOQUEIRÃO DOS THOMAS - GAOBT,977,977,977
CERTIFICADORA,INSTITUTO DE TECNOLOGIA DO PARANÁ - TECPAR,978,978,978
OPAC,Associação Ecovida de Certificação Participativa,979,979,979
OCS,Associação de Agricultores de Produtos Orgânicos- APO,980,980,980
CERTIFICADORA,INSTITUTO DE TECNOLOGIA DO PARANÁ - TECPAR,981,981,981
CERTIFICADORA,INSTITUTO DE TECNOLOGIA DO PARANÁ - TECPAR,982,982,982
OPAC,ASSOCIAÇÃO DE AGRICULTORES BIOLÓGICOS DO ESTADO DO RIO DE JANEIRO,983,983,983
CERTIFICADORA,INSTITUTO DE TECNOLOGIA DO PARANÁ - TECPAR,984,984,984
CERTIFICADORA,IBD CERTIFICAÇÕES LTDA,985,985,985
CERTIFICADORA,IBD CERTIFICAÇÕES LTDA,986,986,986
OPAC,ASSOCIAÇÃO DE AGRICULTORES BIOLÓGICOS DO ESTADO DO RIO DE JANEIRO,987,987,987
CERTIFICADORA,AGRICONTROL S/A,988,988,988
OPAC,ORGÂNICOS SUL DE MINAS,989,989,989
CERTIFICADORA,IBD CERTIFICAÇÕES LTDA,990,990,990
OPAC,Associação Ecovida de Certificação Participativa,991,991,991
OPAC,Associação Ecovida de Certificação Participativa,992,992,992
CERTIFICADORA,ECOCERT BRASIL CERTIFICADORA,993,993,993
CERTIFICADORA,AGRICONTROL S/A,994,994,994
OPAC,Associação Ecovida de Certificação Participativa,995,995,995
CERTIFICADORA,INSTITUTO DE TECNOLOGIA DO PARANÁ - TECPAR,996,996,996
OCS,ASSOCIAÇÃO NIORSCH HAUKINA,997,997,997
OPAC,Rede Borborema de Agroecologia,998,998,998