pais,uf,cidade,id
BRASIL,PR,Palmas,1
BRASIL,PR,Palmas,2
BRASIL,PR,Cel. Domingos Soares,3
BRASIL,PR,Palmas,4
BRASIL,PR,Palmas,5
BRASIL,PR,Cel. Domingos Soares,6
BRASIL,PR,Cel. Domingos Soares,7
BRASIL,PR,Palmas,8
BRASIL,PR,Palmas,9
BRASIL,PR,Palmas,10
BRASIL,PR,Palmas,11
BRASIL,PR,Cel. Domingos Soares,12
BRASIL,PR,Palmas,13
BRASIL,PR,Cel. Domingos Soares,14
BRASIL,PR,Cel. Domingos Soares,15
BRASIL,PR,Palmas,16
BRASIL,PR,Palmas,17
BRASIL,PR,Cel. Domingos Soares,18
BRASIL,PR,Cel. Domingos Soares,19
BRASIL,PR,Palmas,20
BRASIL,PR,Palmas,21
BRASIL,PR,Palmas,22
BRASIL,PR,Palmas,23
BRASIL,PR,Palmas,24
BRASIL,PR,Cel. Domingos Soares,25
BRASIL,PR,Palmas,26
BRASIL,PR,Cel. Domingos Soares,27
BRASIL,PR,Cel. Domingos Soares,28
BRASIL,PR,Palmas,29
BRASIL,PR,Palmas,30
BRASIL,PR,Cel. Domingos Soares,31
BRASIL,PR,Palmas,32
BRASIL,PR,Palmas,33
BRASIL,PR,Cel. Domingos Soares,34
BRASIL,PR,Cel. Domingos Soares,35
BRASIL,PB,Juarez Távora,36
BRASIL,PB,Juarez Távora,37
BRASIL,PB,Juarez Távora,38
BRASIL,PB,Juarez Távora,39
BRASIL,PB,Juarez Távora,40
BRASIL,PB,Juarez Távora,41
BRASIL,PB,Juarez Távora,42
BRASIL,PB,Juarez Távora,43
BRASIL,PB,Juarez Távora,44
BRASIL,PB,Juarez Távora,45
BRASIL,PB,Juarez Távora,46
BRASIL,PB,Juarez Távora,47
BRASIL,PB,Juarez Távora,48
BRASIL,PB,Juarez Távora,49
BRASIL,PB,Juarez Távora,50
BRASIL,PB,Juarez Távora,51
BRASIL,PB,Juarez Távora,52
BRASIL,PB,Juarez Távora,53
BRASIL,PB,Juarez Távora,54
BRASIL,PB,Juarez Távora,55
BRASIL,PB,Juarez Távora,56
BRASIL,PB,Juarez Távora,57
BRASIL,MG,Bocaina de Minas,58
BRASIL,MG,Ouro Preto,59
BRASIL,MG,Jaguaraçu,60
BRASIL,MG,Ouro Preto,61
BRASIL,MG,Itabirito,62
BRASIL,PA,Porto Trombetas,63
BRASIL,PA,Porto Trombetas,64
BRASIL,PA,Abaetetuba,65
BRASIL,PA,Porto Trombetas,66
BRASIL,PA,Porto Trombetas,67
BRASIL,PA,Porto Trombetas,68
BRASIL,PA,Porto Trombetas,69
BRASIL,PA,Porto Trombetas,70
BRASIL,PA,ORIXIMINÁ,71
BRASIL,PA,ORIXIMINÁ,72
BRASIL,PA,Porto Trombetas,73
BRASIL,PA,Porto Trombetas,74
BRASIL,PR,Santa Maria do Oeste,75
BRASIL,PR,Turvo,76
BRASIL,RS,Nova Pádua,77
BRASIL,RS,Caxias do Sul,78
BRASIL,RS,São Marcos,79
BRASIL,RS,Flores da Cunha,80
BRASIL,RS,Nova Pádua,81
BRASIL,RS,Nova Pádua,82
BRASIL,RS,Flores da Cunha,83
BRASIL,RS,Caxias do Sul,84
BRASIL,RS,Farroupilha,85
BRASIL,RS,Caxias do Sul,86
BRASIL,RS,São Marcos,87
BRASIL,RS,Flores da Cunha,88
BRASIL,RS,Caxias do Sul,89
BRASIL,RS,Caxias do Sul,90
BRASIL,RS,São Marcos,91
BRASIL,RS,Caxias do Sul,92
BRASIL,RS,Caxias do Sul,93
BRASIL,RS,Flores da Cunha,94
BRASIL,RS,Caxias do Sul,95
BRASIL,RS,Caxias do Sul,96
BRASIL,RS,Encruzilhada do Sul,97
BRASIL,RS,Caxias do Sul,98
BRASIL,RS,Caxias do Sul,99
BRASIL,RS,Flores da Cunha,100
BRASIL,RS,Farroupilha,101
BRASIL,RS,Antônio Prado,102
BRASIL,RS,Flores da Cunha,103
BRASIL,RS,Cotiporã,104
BRASIL,RS,Cotiporã,105
BRASIL,RS,Caxias do Sul,106
BRASIL,RS,Caxias do Sul,107
BRASIL,RS,São Francisco de Paula,108
BRASIL,RS,São Marcos,109
BRASIL,RS,Caxias do Sul,110
BRASIL,RS,Farroupilha,111
BRASIL,RS,Fazenda Souza,112
BRASIL,RS,Flores da Cunha,113
BRASIL,RS,São Marcos,114
BRASIL,RS,Vila Seca,115
BRASIL,RS,Campestre da Serra,116
BRASIL,RS,São Marcos,117
BRASIL,RS,São Marcos,118
BRASIL,RS,Caxias do Sul,119
BRASIL,RS,Flores da Cunha,120
BRASIL,RS,Caxias do Sul,121
BRASIL,RS,Farroupilha,122
BRASIL,RS,Boa Vista do Sul,123
BRASIL,RS,São Marcos,124
BRASIL,RS,Caxias do Sul,125
BRASIL,RS,Flores da Cunha,126
BRASIL,RS,Flores da Cunha,127
BRASIL,SC,Anitápolis,128
BRASIL,SC,Anitápolis,129
BRASIL,BA,Caldeirão Grande,130
BRASIL,BA,Caldeirão Grande,131
BRASIL,BA,Caldeirão Grande,132
BRASIL,BA,Caldeirão Grande,133
BRASIL,BA,Caldeirão Grande,134
BRASIL,BA,Caldeirão Grande,135
BRASIL,BA,Caldeirão Grande,136
BRASIL,BA,Caldeirão Grande,137
BRASIL,BA,Caldeirão Grande,138
BRASIL,BA,Caldeirão Grande,139
BRASIL,BA,Caldeirão Grande,140
BRASIL,BA,Caldeirão Grande,141
BRASIL,BA,Caldeirão Grande,142
BRASIL,BA,Caldeirão Grande,143
BRASIL,BA,Caldeirão Grande,144
BRASIL,BA,Caldeirão Grande,145
BRASIL,BA,Caldeirão Grande,146
BRASIL,BA,Caldeirão Grande,147
BRASIL,BA,Caldeirão Grande,148
BRASIL,BA,Caldeirão Grande,149
BRASIL,BA,Caldeirão Grande,150
BRASIL,BA,Caldeirão Grande,151
BRASIL,BA,Caldeirão Grande,152
BRASIL,BA,Caldeirão Grande,153
BRASIL,BA,Caldeirão Grande,154
BRASIL,BA,Caldeirão Grande,155
BRASIL,BA,Caldeirão Grande,156
BRASIL,BA,Caldeirão Grande,157
BRASIL,BA,Caldeirão Grande,158
BRASIL,BA,Caldeirão Grande,159
BRASIL,BA,Caldeirão Grande,160
BRASIL,BA,Caldeirão Grande,161
BRASIL,BA,Caldeirão Grande,162
BRASIL,BA,Caldeirão Grande,163
BRASIL,BA,Caldeirão Grande,164
BRASIL,BA,Caldeirão Grande,165
BRASIL,BA,Caldeirão Grande,166
BRASIL,BA,Caldeirão Grande,167
BRASIL,RS,Pinto Bandeira,168
BRASIL,RS,Garibaldi,169
BRASIL,CE,Beberibe,170
BRASIL,CE,Beberibe,171
BRASIL,CE,Bela Cruz,172
BRASIL,CE,Cascavel,173
BRASIL,CE,Beberibe,174
BRASIL,CE,Bela Cruz,175
BRASIL,CE,Cascavel,176
BRASIL,SP,GUARULHOS,177
BRASIL,SP,GUARULHOS,178
BRASIL,PE,QUIPAPÁ,179
BRASIL,SP,BOTUCATU,180
BRASIL,SC,Leoberto Leal,181
BRASIL,SP,SOROCABA,182
ITÁLIA,ITÁLIA,SAN MARTINO IN PENSIILIS,183
ITÁLIA,ITÁLIA,BADIA POLESINE,184
BRASIL,RN,São Tomé,185
BOLÍVIA,BOLÍVIA,SALINAS DE GARCI MENDOZA,186
BRASIL,PB,Prata,187
TURQUIA,TURQUIA,NIGDE,188
TURQUIA,TURQUIA,NIGDE,189
TURQUIA,TURQUIA,NIGDE,190
BRASIL,SP,São Miguel Arcanjo,191
BRASIL,CE,Monsenhor Tabosa,192
BRASIL,RO,Ji-Paraná,193
BRASIL,MG,Lambari,194
BRASIL,PR,Curitiba,195
BRASIL,PA,Anajás,196
BRASIL,PI,São Gonçalo do Piauí,197
BRASIL,SC,Gravatal,198
BRASIL,PI,CARACOL -,199
BR,RS,Rio Grande,200
BRASIL,MS,RIO NEGRO,201
BRASIL,MS,RIO NEGRO,202
BRASIL,MS,CORUMBA,203
BRASIL,MS,CORUMBA,204
BRASIL,,,205
BRASIL,PA,SÃO FELIX DO XINGU,206
BRASIL,SP,BOITUVA,207
BRASIL,PI,SÃO FRANCISCO DE ASSIS DO PIAUÍ,208
BRASIL,PR,Goioxim,209
BRASIL,CE,Chorozinho,210
BRASIL,AM,Carauari,211
BRASIL,PR,SANTA MARIA DO OESTE,212
BRASIL,MG,CAMPESTRE,213
BRASIL,PR,Rio Bonito do Iguaçu,214
BRASIL,PA,ACARÁ,215
BRASIL,RN,Messias Targino,216
BRASIL,RN,Mossoró,217
BRASIL,AC,Rio Branco,218
BRASIL,SC,Joinville,219
BRASIL,RN,Messias Targino,220
Brasil,PA,Óbidos ,221
BRASIL,PA,CURUÁ,222
BRASIL,PA,CURUÁ,223
BRASIL,SP,SÃO PAULO,224
BRASIL,MG,UBERLÂNDIA,225
BRASIL,PI,PARNAÍBA,226
ITÁLIA,ITÁLIA,CARPI,227
ITÁLIA,ITÁLIA,CAIVANO,228
BOLÍVIA,BOLÍVIA,ORURO,229
BRASIL,RJ,TERESÓPOLIS,230
BRASIL,PR,Lapa,231
BRASIL,PR,Campo Magro,232
BRASIL,PR,SERTANÓPOLIS,233
Portugal,Bragança,Vila Flora,234
Portugal,Bragança,Vila Flora,235
BRASIL,AM,URUCARÁ,236
BRASIL,MG,Porto Firme,237
BRASIL,MS,BONITO,238
BRASIL,PI,LAGOA DO SÍTIO -,239
BRASIL,PR,Rio Branco do Sul,240
BRASIL,BA,TAPEROÁ,241
BRASIL,SE,Monte Alegre de Sergipe,242
BRASIL,PE,Mirandiba,243
BRASIL,PR,Campo Largo,244
BRASIL,SP,IBIUNA,245
BRASIL,PR,Reserva do Iguaçu,246
BRASIL,RS,Santa Clara do Sul,247
BRASIL,ES,Barra de São Francisco,248
BRASIL,RS,Dom Pedro de Alcântara,249
BRASIL,MT,Juruena,250
BRASIL,MG,Uberlândia,251
BRASIL,PR,QUEDAS DO IGUAÇU,252
BRASIL,PR,QUEDAS DO IGUAÇU,253
BRASIL,SP,Iporanga,254
BRASIL,RN,Mossoró,255
BRASIL,SP,Pindamonhangaba,256
BRASIL,MT,Sinop,257
BRASIL,SC,Ermo,258
BRASIL,GO,GOIÂNIA,259
BRASIL,GO,GOIÂNIA,260
BRASIL,PE,São José do Egito,261
BRASIL,RJ,ANGRA DOS REIS,262
BRASIL,RJ,TERESÓPOLIS,263
BRASIL,ES,Pedro Canário,264
BRASIL,RS,Bento Gonçalves,265
BRASIL,SC,Florianópolis,266
BOLÍVIA,BOLÍVIA,ORURO,267
BRASIL,PA,CAMETÁ,268
BRASIL,AM,URUCARÁ,269
BRASIL,PR,Lapa,270
BRASIL,MT,São José dos Quatro Marcos,271
BRASIL,RS,Sentinela do Sul,272
BRASIL,MS,Ribas do Rio Pardo,273
BRASIL,PE,Ouricuri,274
BRASIL,PR,Araucária,275
BRASIL,PR,Contenda,276
BRASIL,BA,Senhor do Bonfim,277
BRASIL,SC,Porto União,278
BRASIL ,RS,.,279
BRASIL,AC,Brasiléia,280
BRASIL,RS,Nova Santa Rita,281
BRASIL ,RS,NOVA SANTA RITA ,282
BRASIL,PI,PAULISTANA -,283
BRASIL,GO,GOIÂNIA,284
BRASIL,PR,Castro,285
BRASIL,SC,Santa Rosa de Lima,286
BRASIL,RS,Águas Claras,287
BRASIL,PE,Ouricuri,288
BR,RS,Viamão,289
BRASIL,RS,Piratini,290
BRASIL,SC,Schroeder,291
BR,SC,Schroeder,292
BRASIL,AP,Mazagão,293
BRASIL,SC,Timbé do Sul,294
BRASIL,ES ,Laranja da Terra ,295
BRASIL,PE,Glória do Goitá,296
BRASIL,PE,Glória do Goitá,297
BRASIL,PE,Mirandiba,298
BRASIL,AC,Bujari,299
BRASIL,BA, Ilhéus ,300
BRASIL,AC,Xapuri,301
BRASIL,PE,LAGOA GRANDE,302
BRASIL,PE,LAGOA GRANDE,303
BRASIL,RS,Bento Gonçalves,304
BRASIL,PE,Santa Cruz da Baixa Verde,305
BRASIL,PE,Bom Jardim,306
BRASIL,DF,Brasília,307
BRASIL,DF,GAMA,308
BRASIL,PR,PORTO BARREIRO,309
BRASIL,PB,Remígio,310
BRASIL,PB,Prata,311
BRASIL,PA,Abaetetuba,312
BRASIL,PR,Itaperuçu,313
BRASIL,DF,Brasília,314
BRASIL,PR,Cascavel,315
BRASIL,SC,Timbé do Sul,316
BRASIL ,RS,NOVA SANTA RITA ,317
BRASIL,PR,Verê,318
BRASIL,RS,Três Forquilhas,319
BRASIL,SC,São Miguel do Oeste,320
BRASIL,PR,CAPANEMA,321
BRASIL,PR,CAPANEMA,322
BRASIL,PA,Igarapé-Miri,323
BRASIL,PI,José de Freitas,324
BRASIL,PR,URAÍ,325
BRASIL,PR,URAÍ,326
BRASIL,PR,RANCHO ALEGRE,327
BRASIL,PA,IGARAPÉ MIRI,328
BRASIL,SP,Piratininga,329
BRASIL,GO,GOIÂNIA,330
BRASIL,SP,SÃO ROQUE,331
BRASIL,DF,Brasília,332
Brasil ,DF,BRASÍLIA,333
BRASIL,MG ,Claraval ,334
BRASIL,RS,Casca,335
BRASIL,SP,SÃO ROQUE,336
BRASIL,SP,SÃO JOSÉ DO RIO PRETO,337
BRASIL,PR,CRUZEIRO DO OESTE,338
BRASIL,SP,IBIUNA,339
BRASIL,ES ,Santa Maria de Jetibá ,340
BRASIL,SC,Xaxim,341
BRASIL,SC,Santa Rosa de Lima,342
BR,RS,MUÇUM,343
BRASIL,DF,Brasília,344
Brasil ,DF,BRASÍLIA,345
BRASIL,PR,Campo Magro,346
BRASIL,PR,Campo Magro,347
BRASIL,PE,Mirandiba,348
BRASIL,MG,Itajubá,349
BRASIL,PR,Tuneiras do Oeste,350
BRASIL,ES,Cariacica,351
BRASIL,MT,Aripuanã,352
BRASIL,AM,Carauari,353
BRASIL,BA,GANDÚ,354
TURQUIA,TURQUIA,NIGDE,355
BRASIL,PB,Sumé,356
BRASIL,RS,MONTENEGRO,357
BRASIL,SP,Franco da Rocha,358
BRASIL,RS,São José do Hortêncio,359
BRASIL,PR,Colombo,360
BRASIL,PR,Curitiba,361
BRASIL,SP,Bofete,362
BRASIL,AC,Xapuri,363
BRASIL,PR,Turvo,364
BRASIL,SC,São Bonifácio,365
BRASIL,PA,CAMETÁ,366
BRASIL,PB,Monteiro,367
BRASIL,SP,Ribeirão Preto,368
BRASIL,SP,Ribeirão Preto,369
BRASIL,CE,PARAMBU,370
BRASIL,PE,Bom Jardim,371
BRASIL,MT,Mirassol D'Oeste,372
BRASIL,BA,TAPEROÁ,373
BRASIL,SP,Potirendaba,374
BRASIL,SP,POTIRENDABA,375
BRASIL,RO,Ji-Paraná,376
BRASIL,MG,POÇOS DE CALDAS,377
BRASIL,MG,POÇOS DE CALDAS,378
BRASIL,MG,Poços de Caldas,379
BRASIL,RS,São Domingos do Sul,380
BRASIL,RS,Sananduva,381
BRASIL,SC,Lages,382
BRASIL,PR,União da Vitória,383
BRASIL,SP,Sete Barras,384
BRASIL,PR,Cerro Azul,385
BRASIL,PR,Cerro Azul,386
BRASIL,PR,Cerro Azul,387
BRASIL,PR,Cerro Azul,388
BRASIL,SE,Malhador,389
BRASIL,SP,Mogi das Cruzes,390
BR,RS,Itati,391
BRASIL,MS,Campo Grande,392
BRASIL,SC,Turvo,393
BRASIL,PA,MUANÁ,394
BRASIL,,,395
BRASIL,PR,Tijucas do Sul,396
BRASIL,SP,Itatiba,397
BRASIL,SC,São Carlos,398
BRASIL,RS,Garibaldi,399
BRASIL,PR,Teixeira Soares,400
BRASIL,PR,São Sebastião da Amoreira,401
BRASIL,PR,Planaltina do Paraná,402
BRASIL,ES ,Santa Maria de Jetibá ,403
BRASIL,SC,Santa Rosa de Lima,404
BRASIL,PE,Serra Talhada,405
BRASIL,SC,Içara,406
BRASIL,SP,Jarinu,407
BRASIL,PR,Antonina,408
BRASIL,PR,Ribeirão Claro/ Sítio Alto Paraíso,409
BRASIL,PR,Ribeirão Claro,410
BRASIL,PR,Bocaiúva do Sul,411
BRASIL,PR,NOVA TEBAS,412
BRASIL,PR,CARLÓPOLIS,413
BRASIL,PR,CARLÓPOLIS,414
BRASIL,AP,Santana,415
BRASIL,GO,GOIÂNIA,416
BRASIL,SC,Correia Pinto,417
Brasil,SC,Correia Pinto,418
BRASIL,SC,Timbé do Sul,419
BRASIL,MS,Ponta Porã,420
BRASIL,SC,Imbuia,421
BRASIL,PA,IGARAPÉ MIRI,422
BRASIL,BA,IBICOARA,423
BRASIL,BA,TAPEROÁ,424
BRASIL,BA, Jussara ,425
BRASIL,PI,PARNAÍBA,426
BRASIL,PI,PARNAÍBA,427
BRASIL,RN,Messias Targino,428
BRASIL,ES,Rio Novo do Sul,429
BRASIL,PR,Lapa,430
BRASIL,MG,Bocaiúva,431
Brasil ,DF,BRASÍLIA,432
BRASIL,PR,Pinhão,433
BRASIL,PR,São José dos Pinhais,434
BRASIL,RS,Putinga,435
BRASIL,SC,Santa Rosa de Lima,436
BRASIL,RS,Águas Claras,437
BR,RS,Viamão,438
BRASIL,RS,Viamão,439
BRASIL,PB,Remígio,440
BRASIL,MG,Brazópolis,441
BRASIL,SP,BOTUCATU,442
BRASIL,SP,BOTUCATU,443
BRASIL,ES ,Santa Maria de Jetibá,444
BRASIL,RJ,PIRAÍ,445
BRASIL,SP,Ibiúna,446
BRASIL,PR,Curitiba,447
Brasil,PR,Palmas,448
BRASIL,RS,Cristal do Sul,449
BRASIL,PA,OEIRAS DO PARÁ,450
BRASIL,PR,PLANALTO,451
BRASIL,PR,PLANALTO,452
BRASIL,PR,Castro,453
BRASIL,PR,Castro,454
BRASIL,PR,Castro,455
BRASIL,PR,Bocaiúva do Sul,456
BRASIL,PR,Paranacity,457
BRASIL,SC,Ponte Alta do Norte,458
BRASIL,SC,São José do Cerrito,459
BRASIL,SC,Gravatal,460
BRASIL,PE,Petrolina,461
BRASIL,SP,São Pedro,462
BRASIL,PR,URAÍ,463
BRASIL,BA,Senhor do Bonfim,464
BRASIL,SC,Anita Garibaldi,465
BRASIL,PR,PORTO BARREIRO,466
BRASIL,SP,MIRACATU,467
BRASIL,BA,TAPEROÁ,468
BRASIL,RS,SALVADOR DO SUL,469
BRASIL,SE,Boquim,470
BRASIL,RO,São Felipe D'Oeste,471
BRASIL,SP,Cajati,472
BRASIL,BA,TAPEROÁ,473
BRASIL,SP,São Carlos,474
BRASIL,SP,São Carlos,475
BRASIL,PA,IGARAPÉ MIRI,476
BRASIL,PA,CAMETÁ/PA,477
BRASIL ,RS,NOVA SANTA RITA ,478
BRASIL,SP,Apiaí,479
BRASIL,RS,Nova Santa Rita,480
BRASIL,SC,Anitápolis,481
BRASIL,PR,Adrianópolis,482
BRASIL,PR,Reserva do Iguaçu ,483
BRASIL,RS,Nova Santa Rita,484
BRASIL ,RS,NOVA SANTA RITA ,485
BRASIL ,RS,NOVA SANTA RITA ,486
BRASIL,SC,Santa Rosa de Lima,487
BRASIL,PR,Coronel Vivida,488
BRASIL,MT,Alta Floresta,489
BRASIL,PE,Triunfo,490
BRASIL,RN,Natal,491
BRASIL,MG,Poço Fundo,492
BRASIL,ES ,Santa Maria de Jetibá ,493
BRASIL,SE,Santa Luzia do Itanhy,494
BRASIL,ES,Marilândia,495
BRASIL,PR,                                         São João do Triunfo/Sítio Bairro Alto,496
BRASIL,PR,                                         São João do Triunfo/Sitio Voinarski,497
BRASIL,PA,Abaetetuba,498
BRASIL,PI,PIO IX -,499
BRASIL,PR,Antonina,500
BRASIL,PR,Antonina,501
BRASIL,BA,TAPEROÁ,502
BRASIL,ES ,Santa Maria de Jetibá ,503
BRASIL,PA,LIMOEIRO DO AJURU,504
BRASIL,PI,SIMÕES -,505
BRASIL,RN,CORONEL JOAO PESSOA,506
BRASIL,SP,Apiaí,507
BRASIL,RS,Santo Ângelo,508
BRASIL,RJ,PETRÓPOLIS,509
BRASIL,SP,Araraquara,510
BRASIL,RS,Bom Princípio,511
BRASIL,SP,Americana,512
BRASIL,PE,São José do Egito,513
BRASIL,PI,São Gonçalo do Piauí,514
BRASIL,PR,Pinhão,515
BRASIL,BA, Porto Seguro ,516
BRASIL,SP,Itapetininga,517
BRASIL,SC,Biguaçu,518
BRASIL,PB,Congo,519
BRASIL,SP,Jarinu,520
BRASIL,PI,PAULISTANA -,521
BRASIL,MA,LUDOVICO,522
BRASIL,SE,Canindé de São Francisco,523
BRASIL,SE,Nossa Senhora da Glória,524
BRASIL,AM,MANAUS,525
BRASIL,RJ,PETRÓPOLIS,526
BRASIL,PE,Bonito,527
BRASIL,PE,Bonito,528
BRASIL,PR,Castro,529
BRASIL,PE,Brejo da Madre de Deus,530
BRASIL,SP,IBIÚNA,531
BRASIL,SP,Ibiúna ,532
BRASIL,AL,Murici,533
BRASIL,SP,São Miguel Arcanjo,534
BRASIL,AM,Rio Preto da Eva,535
BRASIL,PR,Lapa,536
BRASIL,SC,Içara,537
BRASIL,PR,Castro,538
BRASIL,RS,Guaíba,539
BR,RS,Estrela,540
BRASIL,PA,PONTA DE PEDRAS,541
BRASIL,PR,Pinhão,542
BRASIL,PR,Inácio Martins,543
BRASIL,RS,Candelária,544
BRASIL,RS,Candelária,545
BRASIL,ES,Iconha,546
BRASIL,ES,Iconha,547
BRASIL,SC,Turvo,548
BRASIL,PR,Lapa,549
BRASIL,SP,TIETÊ,550
BRASIL,PR,São João do Triunfo/João Maria Antunes,551
BRASIL,PR,São João do triunfo/Sitio do Portão,552
BRASIL,PA,ABAETETUBA,553
BRASIL,SP,Apiaí,554
BRASIL,MG,Ouro Fino,555
BRASIL,RJ,DUQUE DE CAXIAS,556
BRASIL,AC,Rio Branco,557
BRASIL,PR,Rio Branco do Sul,558
BRASIL,RN,Extremoz,559
BRASIL,RN,Extremoz,560
BRASIL,PI,BELÉM DO PIAUÍ -,561
BRASIL,PR,Lapa,562
BRASIL,MG,MATIAS BARBOSA,563
BRASIL,RJ,PARAÍBA DO SUL,564
BRASIL,MG,Gonçalves,565
BRASIL,RS,SÃO JOSÉ DO SUL,566
BRASIL,PR,Nova Fátima,567
BRASIL,SC,Concórdia,568
BRASIL,SC,São Joaquim,569
BRASIL,PR,Lapa,570
BRASIL,PR,REALEZA,571
BRASIL,MG,Monte Santo de Minas,572
BRASIL,SE,Itabaiana,573
BRASIL,ES,Domingos Martins,574
BRASIL,PE,Bom Jardim,575
BRASIL,SP,Americana,576
BRASIL,Pr,Tijucas do Sul,577
BRASIL,PR,Paranacity,578
BRASIL,BA,Senhor do Bonfim,579
BR,RS,Canguçu,580
BRASIL,SC,São Bonifácio,581
BRASIL,MG,PARACATU,582
BRASIL,PR,Adrianópolis,583
Brasil ,DF,BRASÍLIA,584
BRASIL,PE,Glória do Goitá,585
BRASIL,RS,Torres,586
BRASIL,BA,ITAJUÍPE,587
BRASIL,RS,Dom Pedro de Alcântara,588
BRASIL,PA,ACARA,589
BRASIL,PA,OEIRAS DO PARÁ,590
BRASIL,ES,São Mateus,591
BRASIL,SP,ELDORADO,592
BRASIL,ES,Santa Maria de Jetibá,593
BRASIL,PE,Mirandiba,594
BRASIL,SP,NATIVIDADE DA SERRA,595
Brasil,PA,Igarapé-Miri,596
BRASIL,PR,Bocaiúva do Sul,597
BRASIL,PR,Bocaiúva do Sul,598
BRASIL,PR,Tibagi,599
BRASIL,PR,Cerro Azul,600
BRASIL,PR,Cerro Azul,601
BRASIL,PA,ACARÁ,602
BRASIL,SC,Praia Grande,603
BRASIL,PI,QUEIMADA NOVA -,604
BRASIL,MG,Bocaiúva,605
BRASIL,MG,BOCAIÚVA,606
BRASIL,SC,Presidente Getúlio,607
BRASIL,AL,Mata Grande,608
SUDAN,Khartoum ,Suba,609
BRASIL,PA,Santa Maria do Pará,610
ESPANHA,Albacete,La Roda,611
Brasil,MG,Araxá ,612
BRASIL,CE,TAUÁ,613
BR,RS,Terra de Areia,614
BRASIL,PE,Primavera,615
BRASIL,PA,OEIRAS DO PARÁ,616
BRASIL,RS,Ibiraiaras,617
BRASIL,PA,OEIRAS DO PARÁ,618
BRASIL,SP,Bofete,619
BRASIL,PE,Mirandiba,620
BRASIL,PA,IGARAPÉ MIRI,621
BRASIL,PR,Bocaiúva do Sul,622
BRASIL,PA,IGARAPÉ MIRI,623
BRASIL,RN,Ceará-Mirim,624
BRASIL,AM,Maués,625
BRASIL,PA,IGARAPÉ MIRI,626
BRASIL,SP,Santa Bárbara D’ Oeste,627
BRASIL,PR,Antonina,628
BRASIL,PR,Antonina,629
BRASIL,MS,Ribas do Rio Pardo,630
BRASIL,PA,Igarapé-Miri,631
BRASIL,PE,Gravatá,632
BRASIL,CE,SANTANA DO CARIRI,633
BRASIL,PI,CAMPO GRANDE-,634
BRASIL,MT,Alta Floresta,635
BRASIL,SC,Fraiburgo,636
BRASIL,SE,Lagarto,637
BRASIL,SP,Mogi das Cruzes,638
BRASIL,PR,Turvo,639
BRASIL,SP,ITÁPOLIS,640
BRASIL,PE,Pombos,641
BRASIL,ES,Iconha,642
BRASIL,RS,Encruzilhada do Sul,643
BRASIL ,RS,NOVA SANTA RITA ,644
BRASIL,RJ,SILVA JARDIM,645
BRASIL,PR,REALEZA,646
BRASIL,PR,CAPANEMA,647
BRASIL,PR,Guaíra,648
BRASIL,SP,Itararé,649
BRASIL,RS,Morrinhos do Sul,650
BRASIL,RS,Morrinhos do Sul,651
BRASIL,PR,Rio Branco do Sul,652
BRASIL,RN,Natal,653
CHILE,Santiago,Santiago,654
BRASIL,BA,ILHÉUS,655
BRASIL ,PE,SÃO VICENT DE FERRER ,656
CHILE,Palmilla,Palmilla,657
CHILE,Santiago,Santiago,658
ESPANHA,ESPANHA,BADAJOZ,659
CHILE,,,660
ITÁLIA,ITÁLIA,FOGGIA,661
ITÁLIA,ITÁLIA,STRIANO,662
ITÁLIA,ITÁLIA,ZEVIO,663
PARAGUAI,ITAPUA,CARLOS ANTONIO LOPEZ,664
BRASIL,SP,SÃO MIGUEL DO ARCANJO,665
BRASIL,SP,IBIÚNA,666
BRASIL,RS,Morro Reuter,667
ITÁLIA,ITÁLIA,PERUGIA,668
BRASIL,PR,Morretes,669
BRASIL,MG,MARIA DA FÉ,670
BRASIL,PR,Pato Bragado,671
BRASIL,PR,TERRA RICA,672
BRASIL,PR,Campo Magro,673
BRASIL,SC,Santa Rosa de Lima,674
BRASIL,RS,Ilópolis,675
BRASIL,CE,JAGUARIBE,676
BRASIL,SC,RIO DO SUL,677
BRASIL,SC,Rio do Sul,678
BRASIL,RS,MONTENEGRO,679
BRASIL,PR,ASSAI,680
BRASIL,RS,Bom Princípio,681
BRASIL,RS,Venâncio Aires,682
BRASIL,SC,Florianópolis,683
BRASIL,PR,Campo Magro,684
BRASIL,MG,GUAPÉ,685
BRASIL,PA,SANTA IZABEL DO PARÁ,686
BRASIL,RS,Porto Alegre,687
BRASIL,BA,CAMACAN,688
BRASIL,PA,ACARÁ,689
BRASIL,PA,ACARÁ,690
BRASIL,PA,ACARÁ,691
BRASIL,PA,ACARÁ,692
BRASIL,PA,BELÉM,693
BRASIL,PA,BELÉM,694
BRASIL,CE,JAGUARUANA,695
BRASIL,CE,JAGUARUANA,696
BRASIL,AM,Itacoatiara,697
BRASIL,PR,QUERENCIA DO NORTE,698
BRASIL,PR,QUERENCIA DO NORTE,699
BRASIL,SP,FRANCA,700
Brasil,Ciudad del Este,Alto do Paraná,701
Brasil,Ciudad del Este,Alto do Paraná,702
BRASIL,CE,TIANGUÁ,703
BRASIL,MS,CAMPO GRANDE,704
BRASIL,ES,São Mateus,705
BRASIL,SP,Botucatu,706
BRASIL,DF,Brasília,707
BRASIL,PI,SIMÕES -,708
BRASIL,SC,ITUPORANGA,709
BRASIL,BA,TAPEROÁ,710
BRASIL,PR,Cruz Machado,711
BRASIL,SC,ITUPORANGA,712
BRASIL,PR,NOVA TEBAS,713
BRASIL,PR,NOVA TEBAS,714
TURQUIA,TURQUIA,NIGDE,715
TURQUIA,TURQUIA,NIGDE,716
TURQUIA,TURQUIA,NIGDE,717
TURQUIA,TURQUIA,NIGDE,718
BRASIL,PR,São Gonçalo dos Campos,719
BRASIL,PR,Tuneiras do Oeste,720
BRASIL,ES ,Santa Maria de Jetibá,721
BRASIL,SC,Vidal Ramos,722
BRASIL,AL,Santana do Mundaú,723
BRASIL,RO,São Felipe D'Oeste,724
BRASIL,PA,IGARAPÉ MIRI,725
BRASIL,RN,Natal,726
BRASIL,RN,Natal,727
BRASIL,RJ,MAGÉ,728
BRASIL,PB,Livramento,729
BRASIL,PI,MASSAPÉ DO PIAUÍ -,730
BRASIL,RJ,PETRÓPOLIS,731
BRASIL,MT,Aripuanã,732
BRASIL,ES,Marilândia,733
BRASIL,SC,Tubarão,734
BRASIL,PR,Toledo,735
ARGENTINA,Córdoba,Córdoba,736
BRASIL,SC,Florianópolis,737
BRASIL,SC,Agronômica,738
BRASIL,PR,REALEZA,739
BRASIL,PR,REALEZA,740
BRASIL,MT,Guarantã do Norte,741
BRASIL,PR,Adrianópolis,742
BRASIL,PR,Reserva do Iguaçu,743
BRASIL,SP,Itapeva,744
BRASIL,CE,Fortaleza,745
BRASIL,RS,MARATÁ,746
BRASIL,PR,CLEVELÂNDIA,747
BRASIL,SP,SÃO ROQUE,748
BRASIL,PR,SANTA IZABEL DO OESTE,749
BRASIL,PA,Breves,750
BRASIL,PR,Cascavel,751
BRASIL,RS,Nova Santa Rita,752
BRASIL ,RS,NOVA SANTA RITA ,753
BRASIL,PR,Ampére,754
BRASIL,PR,Ampére,755
BRASIL ,RS,NOVA SANTA RITA ,756
BRASIL,RS,Viamão,757
BRASIL,SP,Sete Barras,758
BRASIL,RS,Santo Antônio do Palma,759
BRASIL,RS,Coronel Pilar,760
BRASIL,MT,Marcelândia,761
BRASIL,MT,Aripuanã,762
BRASIL,MT,Querência,763
BRASIL,SC,Urubici,764
BRASIL,BA,Mata de São João,765
BRASIL,AM,Manaus,766
BRASIL,SC,Florianópolis,767
BRASIL,MA,LUDOVICO,768
BRASIL,SC,Santa Rosa de Lima,769
BRASIL,MA,LUDOVICO,770
BRASIL,GO,ALEXÂNIA,771
BRASIL,SP,São Paulo,772
BRASIL,CE,ARARENDÁ,773
Brasil,MG,Pouso Alegre,774
BRASIL,SC,São João do Sul,775
BRASIL,SP,CAPÃO BONITO,776
BR,SP,São Miguel Arcanjo,777
BRASIL,RJ,NOVA FRIBURGO,778
BOLÍVIA,BOLÍVIA,ORURO,779
BOLÍVIA,BOLÍVIA,ORURO,780
BOLÍVIA,BOLÍVIA,ORURO,781
BOLÍVIA,BOLÍVIA,ORURO,782
BRASIL,SP,Iperó,783
BRASIL,PB,PIANCÓ,784
BRASIL,PB,PIANCÓ,785
BRASIL,PB,BOA VENTURA,786
BRASIL,RS,Ibiraiaras,787
BRASIL,PR,Laranjal,788
BRASIL,SC,Anita Garibaldi,789
BRASIL,ES ,Santa Maria de Jetibá ,790
BRASIL,RJ,ARARUAMA,791
BRASIL,SP,Biritiba-Mirim,792
BRASIL,SC,Imbuia,793
BRASIL ,RS,MANOEL VIANA,794
BRASIL,SC,Gravatal,795
BRASIL,PI,Bom Jesus,796
BRASIL,SC,Praia Grande,797
BRASIL,MA,SÃO MANOEL,798
BRASIL,MG,MARIA DA FÉ,799
BRASIL,SC,Jaraguá do Sul,800
BRASIL,BA,FEIRA DE SANTANA,801
BRASIL,RJ,PETRÓPOLIS,802
BRASIL,RJ,RIO DE JANEIRO,803
BRASIL,SC,Jaraguá do Sul,804
BRASIL,SC,Jaraguá do Sul,805
BRASIL,BA,Baixão de Palmeiras,806
BRASIL ,RS,ELDORADO DO SUL ,807
BRASIL,SP,São Luiz do Paraitinga,808
BRASIL,PI,JAICÓS -,809
BRASIL,PR,Capanema,810
BRASIL,RJ,MAGÉ,811
BRASIL,BA, Morro do Chapéu ,812
BR,RS,Viamão,813
BRASIL,SP,Caconde,814
BRASIL,SP,Caconde,815
BRASIL,PI,PADRE MARCOS -,816
BRASIL,MA,GOVERNADOR NUNES FREIRE,817
BRASIL,RJ,NOVA IGUAÇU,818
BRASIL,SC,Águas Mornas,819
BRASIL,MG,Uberlândia,820
BRASIL,MG,CASCALHO RICO,821
BRASIL,ES,São Mateus,822
BRASIL,RS,Nova Santa Rita,823
BRASIL ,RS,NOVA SANTA RITA ,824
BOLÍVIA,BOLÍVIA,"PADILLA, CHUQUISACA",825
BRASIL,SP,Araçoiaba da Serra,826
BRASIL,SP,Araçoiaba da Serra,827
BRASIL,AM,URUCARÁ,828
BRASIL,SC,São Joaquim,829
BRASIL,PR,Curitiba,830
BRASIL,AM,Rio Preto da Eva,831
BRASIL,GO,Itumbiara ,832
ITÁLIA,ITÁLIA,CASTEL SAN PIETRO TERME,833
BRASIL,SC,Imbuia,834
BRASIL,RJ,DUQUE DE CAXIAS,835
BRASIL,ES,Cariacica,836
BRASIL,ES,Cariacica,837
BRASIL,SC,Correia Pinto,838
Brasil,SC,Correia Pinto,839
BRASIL,SC,Urubici,840
BRASIL,PR,PLANALTO/,841
BRASIL,RS,VIAMÃO,842
BRASIL,RS,VIAMÃO,843
BRASIL,RS,Santo Antônio do Palma,844
BRASIL,RS,Santo Antônio do Palma,845
BRASIL,RS,Montenegro,846
BRASIL,RS,MONTENEGRO,847
BRASIL,RS,MONTENEGRO,848
BRASIL,RS,MONTENEGRO,849
BRASIL,RS,SÃO JOSE DO SUL,850
BR,RS,Viamão,851
BRASIL,PR,Querência do Norte,852
BRASIL,PR,Campo Magro,853
BRASIL,RS,Planalto,854
BRASIL,PR,Marechal Cândido Rondon,855
BRASIL,RS,Riozinho,856
BRASIL,PR,Marechal Cândido Rondon,857
BRASIL,PR,Marechal Cândido Rondon,858
BRASIL,SP,Itanhaém,859
BRASIL,AM,MANAUS,860
BRASIL,AM,Manaus,861
BRASIL ,RS,CHARQUEADAS,862
BRASIL ,RS,CHARQUEADAS,863
BRASIL,SP,IBIUNA,864
BRASIL,SC,São Carlos,865
BRASIL,PR,Cascavel,866
BRASIL,ES,Santa Maria de Jetibá,867
BRASIL,SC,São Domingos,868
BRASIL,RJ,TERESÓPOLIS,869
BRASIL,RS,Bento Gonçalves,870
BRASIL,GO,Cristalina,871
BRASIL,SP,Ibiúna,872
BRASIL,SP,Pindamonhangaba,873
BRASIL,SP,Apiaí,874
BRASIL,SC,Nova Trento,875
BRASIL,MT,Terra Nova do Norte,876
BRASIL,BA,TAPEROÁ,877
BRASIL,RJ,GUAPIMIRIM,878
BRASIL,RN,Frutuoso Gomes,879
BRASIL,BA,Salvador,880
BRASIL ,RS,TAPES,881
BRASIL,PA,SÃO SEBASTIÃO DA BOA VISTA,882
BRASIL,MT,Colniza,883
BRASIL,PB,Remígio,884
BRASIL,PI,São Gonçalo do Piauí,885
BRASIL,PR,Adrianópolis,886
BRASIL,SC,Ermo,887
BRASIL,RS,Eldorado do Sul,888
BRASIL ,RS,ELDORADO DO SUL ,889
BRASIL,SC,Santo Amaro da Imperatriz,890
BRASIL,MA,CENTRINHO DO ACRISIO,891
BRASIL,SC,Porto União,892
BRASIL,MT,São José dos Quatro Marcos,893
BRASIL,RS,Santo Antônio do Palma,894
BRASIL,RS,Santo Antônio do Palma,895
BRASIL,RN,Felipe Guerra,896
BRASIL,SP,CORDEIRÓPOLIS/,897
BRASIL,SP,Americana,898
BRASIL,RJ,RIO DE JANEIRO,899
BRASIL,RS,Viamão,900
BRASIL,MG,CAMPO DO MEIO,901
BRASIL,PE,Mirandiba,902
BRASIL,MT,Aripuanã,903
BRASIL,AC,Xapuri,904
BRASIL,CE,Monsenhor Tabosa,905
BRASIL,RN,Jucurutu,906
Brasil,AM,Careiro Castanho,907
BRASIL,PI,LAGOA DO SÍTIO -,908
BRASIL,SC,São Joaquim,909
BRASIL,PB,Congo,910
BRASIL,AP,Santana,911
Brasil ,DF,BRASÍLIA,912
BRASIL,PB,Pitimbu,913
BRASIL,MA,CENTRO DO AGUIAR,914
BRASIL,CE,Quixeramobim,915
BRASIL,PI,SÃO RAIMUNDO NONATO,916
BRASIL,PI,Regeneração,917
BRASIL,PE,Araripina,918
BRASIL,RS,Eldorado do Sul,919
BRASIL ,RS,ELDORADO DO SUL ,920
BRASIL,MA,SANTA ZITA,921
BRASIL,MA,SÃO FRANCISCO,922
BRASIL,RN,Apodi,923
BRASIL,MT,Poconé,924
BRASIL,PR,Adrianópolis,925
BRASIL,AC,Xapuri,926
BRASIL,SE,Japaratuba,927
BRASIL,SC,Joinville,928
BRASIL,SC,Jacinto Machado,929
BRASIL,AC,Rio Branco,930
BRASIL,RN,São José do Seridó,931
BRASIL,PE,Gravatá,932
BRASIL,BA,BELMONTE,933
BRASIL,SC,Florianópolis,934
BRASIL,SC,Joinville,935
BRASIL,SC,São João do Sul,936
BRASIL,SC,São Joaquim,937
BRASIL,SC,Biguaçu,938
BRASIL,SP,Caraguatatuba,939
BRASIL,ES,Nova Venécia,940
Brasil ,GO,LUZIÂNIA,941
BRASIL,SC,Joinville,942
BRASIL,MS,Campo Grande,943
BRASIL,SC,Florianópolis,944
BRASIL,RS,Eldorado do Sul,945
BRASIL,RJ,RIO DE JANEIRO,946
BRASIL,SP,Sorocaba,947
BRASIL,PR,Campo Largo,948
Brasil,RS,Viamão,949
BRASIL,RN,Mossoró,950
BRASIL,RJ,RIO DE JANEIRO,951
BRASIL,RJ,QUEIMADOS,952
BRASIL,PR,Marechal Cândido Rondon,953
BRASIL,MA,SANTA ZITA,954
BRASIL,RJ,Varre-Sai,955
BRASIL,MG,SÃO GONÇALO DO SAPUCAÍ,956
BRASIL,SP,NOVO HORIZONTE,957
BRASIL,MG,CARMO DE MINAS,958
BRASIL,MG,CARMO DE MINAS,959
BRASIL,RJ,GUAPIMIRIM,960
BR,SC,Camboriú,961
BRASIL,MG,Baependi,962
BRASIL ,RS,VIAMÃO,963
BRASIL,RS,Monte Alegre dos Campos,964
BRASIL,PR,Campo Largo,965
BRASIL,RJ,PETRÓPOLIS,966
BRASIL,PA,IGARAPÉ MIRI,967
BRASIL,RS,Nova Santa Rita,968
BRASIL,RJ,SILVA JARDIM,969
BRASIL,SC,Praia Grande,970
BRASIL,PR,Castro,971
BRASIL,SP,NATIVIDADE DA SERRA,972
BRASIL,MG,Machado,973
BRASIL,MG,MACHADO,974
BRASIL,RJ,PARAÍBA DO SUL,975
BRASIL,RS,Águas Claras,976
BRASIL,ES,Santa Leopoldina,977
BRASIL,PR,Apucarana,978
BRASIL,SC,Balneário Gaivota,979
BRASIL,PR,Ribeirão Claro/ Sítio Santo Expedito,980
BRASIL,PR,Ribeirão Claro,981
BRASIL,PR,Cornélio Procópio ,982
BRASIL,RJ,QUEIMADOS,983
BRASIL,PR,Marilândia do Sul,984
BRASIL,SP,GUAPIARA,985
BRASIL,PA,CAMETÁ/PA,986
BRASIL,RJ,QUEIMADOS,987
BRASIL,SP,Capão Bonito,988
BRASIL,MG,FAMA,989
BRASIL,BA,ITAPICURU,990
BRASIL,PR,Cerro Azul,991
BRASIL,PR,Cerro Azul,992
BRASIL,PA,Breves ,993
BRASIL,SP,Taquarivaí,994
BRASIL,SC,Jacinto Machado,995
BRASIL,PR,São José dos Pinhais,996
BRASIL,MT,Porto Esperidião,997
BRASIL,PB,Remígio,998
